-- MySQL dump 10.13  Distrib 8.0.28, for Win64 (x86_64)
--
-- Host: localhost    Database: vk
-- ------------------------------------------------------
-- Server version	8.0.28

/*!40101 SET @OLD_CHARACTER_SET_CLIENT=@@CHARACTER_SET_CLIENT */;
/*!40101 SET @OLD_CHARACTER_SET_RESULTS=@@CHARACTER_SET_RESULTS */;
/*!40101 SET @OLD_COLLATION_CONNECTION=@@COLLATION_CONNECTION */;
/*!50503 SET NAMES utf8mb4 */;
/*!40103 SET @OLD_TIME_ZONE=@@TIME_ZONE */;
/*!40103 SET TIME_ZONE='+00:00' */;
/*!40014 SET @OLD_UNIQUE_CHECKS=@@UNIQUE_CHECKS, UNIQUE_CHECKS=0 */;
/*!40014 SET @OLD_FOREIGN_KEY_CHECKS=@@FOREIGN_KEY_CHECKS, FOREIGN_KEY_CHECKS=0 */;
/*!40101 SET @OLD_SQL_MODE=@@SQL_MODE, SQL_MODE='NO_AUTO_VALUE_ON_ZERO' */;
/*!40111 SET @OLD_SQL_NOTES=@@SQL_NOTES, SQL_NOTES=0 */;

--
-- Table structure for table `communities`
--

DROP TABLE IF EXISTS `communities`;
/*!40101 SET @saved_cs_client     = @@character_set_client */;
/*!50503 SET character_set_client = utf8mb4 */;
CREATE TABLE `communities` (
  `id` bigint unsigned NOT NULL AUTO_INCREMENT,
  `name` varchar(150) CHARACTER SET utf8mb4 COLLATE utf8mb4_unicode_ci DEFAULT NULL,
  `admin_user_id` bigint unsigned NOT NULL,
  UNIQUE KEY `id` (`id`),
  KEY `communities_name_idx` (`name`),
  KEY `admin_user_id` (`admin_user_id`),
  CONSTRAINT `communities_ibfk_1` FOREIGN KEY (`admin_user_id`) REFERENCES `users` (`id`)
) ENGINE=InnoDB AUTO_INCREMENT=101 DEFAULT CHARSET=utf8mb4 COLLATE=utf8mb4_unicode_ci;
/*!40101 SET character_set_client = @saved_cs_client */;

--
-- Dumping data for table `communities`
--

LOCK TABLES `communities` WRITE;
/*!40000 ALTER TABLE `communities` DISABLE KEYS */;
INSERT INTO `communities` VALUES (1,'odio',31),(2,'eum',32),(3,'quia',36),(4,'impedit',37),(5,'inventore',39),(6,'molestiae',40),(7,'molestias',43),(8,'iure',44),(9,'nulla',45),(10,'ab',46),(11,'culpa',47),(12,'veniam',48),(13,'et',50),(14,'magnam',51),(15,'qui',53),(16,'aut',54),(17,'inventore',56),(18,'libero',58),(19,'at',60),(20,'incidunt',31),(21,'et',32),(22,'distinctio',36),(23,'cum',37),(24,'minus',39),(25,'optio',40),(26,'quas',43),(27,'labore',44),(28,'eum',45),(29,'dicta',46),(30,'sed',47),(31,'dicta',48),(32,'quos',50),(33,'beatae',51),(34,'ad',53),(35,'unde',54),(36,'quod',56),(37,'voluptatem',58),(38,'qui',60),(39,'dicta',31),(40,'vitae',32),(41,'iusto',36),(42,'aperiam',37),(43,'sunt',39),(44,'tempora',40),(45,'exercitationem',43),(46,'at',44),(47,'fuga',45),(48,'quod',46),(49,'quaerat',47),(50,'vel',48),(51,'assumenda',50),(52,'deleniti',51),(53,'tenetur',53),(54,'soluta',54),(55,'quae',56),(56,'velit',58),(57,'sit',60),(58,'sit',31),(59,'accusamus',32),(60,'officia',36),(61,'in',37),(62,'voluptatem',39),(63,'et',40),(64,'recusandae',43),(65,'sit',44),(66,'minus',45),(67,'quibusdam',46),(68,'quibusdam',47),(69,'aut',48),(70,'quas',50),(71,'sint',51),(72,'voluptas',53),(73,'ea',54),(74,'molestiae',56),(75,'exercitationem',58),(76,'quod',60),(77,'et',31),(78,'consequatur',32),(79,'ut',36),(80,'excepturi',37),(81,'molestias',39),(82,'itaque',40),(83,'vitae',43),(84,'iste',44),(85,'doloribus',45),(86,'earum',46),(87,'aut',47),(88,'earum',48),(89,'ipsum',50),(90,'nobis',51),(91,'non',53),(92,'laudantium',54),(93,'sapiente',56),(94,'laborum',58),(95,'ad',60),(96,'corrupti',31),(97,'deserunt',32),(98,'aut',36),(99,'quo',37),(100,'repudiandae',39);
/*!40000 ALTER TABLE `communities` ENABLE KEYS */;
UNLOCK TABLES;

--
-- Table structure for table `friend_requests`
--

DROP TABLE IF EXISTS `friend_requests`;
/*!40101 SET @saved_cs_client     = @@character_set_client */;
/*!50503 SET character_set_client = utf8mb4 */;
CREATE TABLE `friend_requests` (
  `initiator_user_id` bigint unsigned NOT NULL,
  `target_user_id` bigint unsigned NOT NULL,
  `status` enum('requested','approved','declined','unfriended') CHARACTER SET utf8mb4 COLLATE utf8mb4_unicode_ci DEFAULT NULL,
  `requested_at` datetime DEFAULT CURRENT_TIMESTAMP,
  `updated_at` datetime DEFAULT NULL ON UPDATE CURRENT_TIMESTAMP,
  PRIMARY KEY (`initiator_user_id`,`target_user_id`),
  KEY `target_user_id` (`target_user_id`),
  CONSTRAINT `friend_requests_ibfk_1` FOREIGN KEY (`initiator_user_id`) REFERENCES `users` (`id`),
  CONSTRAINT `friend_requests_ibfk_2` FOREIGN KEY (`target_user_id`) REFERENCES `users` (`id`)
) ENGINE=InnoDB DEFAULT CHARSET=utf8mb4 COLLATE=utf8mb4_unicode_ci;
/*!40101 SET character_set_client = @saved_cs_client */;

--
-- Dumping data for table `friend_requests`
--

LOCK TABLES `friend_requests` WRITE;
/*!40000 ALTER TABLE `friend_requests` DISABLE KEYS */;
INSERT INTO `friend_requests` VALUES (31,40,'requested','1977-01-28 04:17:48','2022-02-09 00:56:51'),(32,36,'requested','2014-04-03 11:06:20','2022-02-09 00:56:51'),(36,46,'unfriended','2001-01-13 14:51:15','2022-02-09 00:56:51'),(37,32,'approved','1971-05-31 10:22:04','2022-02-09 00:56:51'),(39,58,'declined','2015-04-08 14:29:05','2022-02-09 00:56:51'),(40,54,'requested','2018-03-24 20:17:36','2022-02-09 00:56:51'),(43,50,'requested','1990-12-11 22:35:58','2022-02-09 00:56:51'),(44,40,'approved','1981-08-22 09:40:56','2022-02-09 00:56:51'),(45,31,'declined','1993-08-23 20:45:27','2022-02-09 00:56:51'),(46,56,'declined','2015-07-07 19:12:52','2022-02-09 00:56:51'),(47,60,'unfriended','1978-12-02 07:22:21','2022-02-09 00:56:51'),(48,48,'approved','1992-02-04 06:32:55','2022-02-09 00:56:51'),(50,36,'unfriended','1998-07-03 20:35:10','2022-02-09 00:56:51'),(51,48,'unfriended','1980-08-24 00:15:09','2022-02-09 00:56:51'),(53,54,'approved','2001-01-09 15:37:51','2022-02-09 00:56:51'),(54,39,'requested','1983-06-11 11:57:12','2022-02-09 00:56:51'),(56,36,'requested','1985-09-25 06:38:32','2022-02-09 00:56:51'),(58,45,'requested','1982-11-24 23:01:49','2022-02-09 00:56:51'),(60,53,'unfriended','1970-10-09 04:49:36','2022-02-09 00:56:51');
/*!40000 ALTER TABLE `friend_requests` ENABLE KEYS */;
UNLOCK TABLES;

--
-- Table structure for table `likes`
--

DROP TABLE IF EXISTS `likes`;
/*!40101 SET @saved_cs_client     = @@character_set_client */;
/*!50503 SET character_set_client = utf8mb4 */;
CREATE TABLE `likes` (
  `id` bigint unsigned NOT NULL AUTO_INCREMENT,
  `user_id` bigint unsigned NOT NULL,
  `media_id` bigint unsigned NOT NULL,
  `created_at` datetime DEFAULT CURRENT_TIMESTAMP,
  UNIQUE KEY `id` (`id`),
  KEY `likes_fk` (`media_id`),
  KEY `likes_fk_1` (`user_id`),
  CONSTRAINT `likes_fk` FOREIGN KEY (`media_id`) REFERENCES `media` (`id`),
  CONSTRAINT `likes_fk_1` FOREIGN KEY (`user_id`) REFERENCES `users` (`id`)
) ENGINE=InnoDB AUTO_INCREMENT=101 DEFAULT CHARSET=utf8mb4 COLLATE=utf8mb4_unicode_ci;
/*!40101 SET character_set_client = @saved_cs_client */;

--
-- Dumping data for table `likes`
--

LOCK TABLES `likes` WRITE;
/*!40000 ALTER TABLE `likes` DISABLE KEYS */;
INSERT INTO `likes` VALUES (1,31,1,'1992-05-12 18:57:45'),(2,32,2,'1977-02-28 01:46:55'),(3,36,3,'2016-06-23 20:12:25'),(4,37,4,'1985-05-10 21:32:45'),(5,39,5,'1985-09-15 22:16:43'),(6,40,6,'1987-05-31 14:26:00'),(7,43,7,'1976-09-14 04:45:25'),(8,44,8,'2014-06-05 12:51:24'),(9,45,9,'1989-10-04 20:05:17'),(10,46,10,'2020-07-20 11:58:49'),(11,47,11,'1992-12-31 23:25:54'),(12,48,12,'1972-01-29 10:29:43'),(13,50,13,'2017-09-10 17:47:23'),(14,51,14,'1983-09-04 06:18:40'),(15,53,15,'1990-03-04 17:18:23'),(16,53,16,'2015-12-29 14:18:30'),(17,56,17,'1984-05-19 15:49:27'),(18,58,18,'1990-02-07 12:46:53'),(19,60,19,'2001-07-09 20:12:16'),(20,31,20,'2011-03-27 02:47:19'),(21,32,21,'1978-03-22 17:52:49'),(22,36,22,'1997-02-07 04:08:54'),(23,37,23,'1990-09-05 01:52:08'),(24,39,24,'1993-10-03 13:50:49'),(25,40,25,'1993-06-05 07:37:43'),(26,43,26,'2003-09-23 19:21:01'),(27,44,27,'1983-02-09 14:24:04'),(28,45,28,'2011-03-11 04:50:03'),(29,46,29,'1976-08-15 21:56:58'),(30,47,30,'2014-01-07 14:51:32'),(31,48,31,'2019-01-20 04:43:38'),(32,50,32,'1999-12-24 19:37:00'),(33,51,33,'1986-06-07 03:17:06'),(34,53,34,'2021-07-11 14:03:54'),(35,53,35,'1981-03-09 07:22:05'),(36,56,36,'2002-11-16 08:48:52'),(37,58,37,'1977-07-15 22:35:24'),(38,60,38,'2016-09-10 10:58:12'),(39,31,39,'2011-11-03 23:56:47'),(40,32,40,'2015-08-23 14:10:52'),(41,36,41,'1983-04-12 10:25:28'),(42,37,42,'1973-03-29 08:34:30'),(43,39,43,'1999-02-23 02:04:22'),(44,40,44,'1990-03-20 22:03:43'),(45,43,45,'1986-12-06 08:14:56'),(46,44,46,'2008-07-30 23:30:28'),(47,45,47,'1971-09-28 16:01:16'),(48,46,48,'2018-05-05 20:11:11'),(49,47,49,'1986-01-04 01:17:45'),(50,48,50,'1997-08-17 13:10:23'),(51,50,51,'1992-01-20 22:05:41'),(52,51,52,'1991-03-15 17:20:40'),(53,53,53,'1979-02-05 02:10:54'),(54,54,54,'2001-03-15 02:25:25'),(55,56,55,'2008-10-21 03:30:52'),(56,58,56,'1987-03-28 20:52:13'),(57,60,57,'1987-10-05 01:07:49'),(58,31,58,'2008-10-26 09:20:17'),(59,32,59,'1995-02-07 11:16:35'),(60,36,60,'2000-02-15 16:45:17'),(61,37,61,'1992-08-15 18:47:02'),(62,39,62,'1970-08-08 03:46:27'),(63,40,63,'2006-11-16 00:12:01'),(64,43,64,'2016-09-11 16:12:47'),(65,44,65,'1990-03-12 10:03:28'),(66,45,66,'2002-02-17 22:27:46'),(67,46,67,'1971-10-11 13:19:19'),(68,47,68,'2009-10-18 23:53:04'),(69,48,69,'1993-12-23 13:24:48'),(70,50,70,'1991-11-09 01:34:18'),(71,51,71,'1995-06-04 20:32:33'),(72,53,72,'1984-12-02 23:52:00'),(73,54,73,'2001-11-07 12:23:19'),(74,56,74,'1999-10-22 03:21:29'),(75,58,75,'2016-10-16 22:50:12'),(76,60,76,'1983-10-23 08:33:58'),(77,31,77,'1998-10-03 19:08:05'),(78,32,78,'2012-01-16 15:51:18'),(79,36,79,'2016-04-02 22:35:14'),(80,37,80,'2020-12-14 11:43:53'),(81,39,81,'2007-01-11 14:36:20'),(82,40,82,'1992-07-28 01:52:41'),(83,43,83,'2007-12-21 19:12:22'),(84,44,84,'2000-11-30 15:56:34'),(85,45,85,'1972-01-24 16:39:19'),(86,46,86,'2001-08-10 18:55:37'),(87,47,87,'2006-10-15 01:08:56'),(88,48,88,'2006-10-27 18:10:37'),(89,50,89,'1971-02-08 22:47:16'),(90,51,90,'2011-03-18 13:47:55'),(91,53,91,'1980-01-16 20:47:13'),(92,54,92,'1986-01-19 20:17:13'),(93,56,93,'1984-09-29 10:16:32'),(94,58,94,'1994-08-25 06:39:23'),(95,60,95,'2018-08-22 07:07:35'),(96,31,96,'2013-11-23 15:32:25'),(97,32,97,'1983-05-19 07:17:09'),(98,36,98,'1985-09-14 04:31:34'),(99,37,99,'1987-07-30 22:50:58'),(100,39,100,'2012-09-30 06:22:42');
/*!40000 ALTER TABLE `likes` ENABLE KEYS */;
UNLOCK TABLES;

--
-- Table structure for table `media`
--

DROP TABLE IF EXISTS `media`;
/*!40101 SET @saved_cs_client     = @@character_set_client */;
/*!50503 SET character_set_client = utf8mb4 */;
CREATE TABLE `media` (
  `id` bigint unsigned NOT NULL AUTO_INCREMENT,
  `media_type_id` bigint unsigned NOT NULL,
  `user_id` bigint unsigned NOT NULL,
  `body` text CHARACTER SET utf8mb4 COLLATE utf8mb4_unicode_ci,
  `filename` varchar(255) CHARACTER SET utf8mb4 COLLATE utf8mb4_unicode_ci DEFAULT NULL,
  `size` int DEFAULT NULL,
  `metadata` longtext CHARACTER SET utf8mb4 COLLATE utf8mb4_bin,
  `created_at` datetime DEFAULT CURRENT_TIMESTAMP,
  `updated_at` datetime DEFAULT NULL ON UPDATE CURRENT_TIMESTAMP,
  UNIQUE KEY `id` (`id`),
  KEY `user_id` (`user_id`),
  KEY `media_type_id` (`media_type_id`),
  CONSTRAINT `media_ibfk_1` FOREIGN KEY (`user_id`) REFERENCES `users` (`id`),
  CONSTRAINT `media_ibfk_2` FOREIGN KEY (`media_type_id`) REFERENCES `media_types` (`id`),
  CONSTRAINT `media_chk_1` CHECK (json_valid(`metadata`))
) ENGINE=InnoDB AUTO_INCREMENT=101 DEFAULT CHARSET=utf8mb4 COLLATE=utf8mb4_unicode_ci;
/*!40101 SET character_set_client = @saved_cs_client */;

--
-- Dumping data for table `media`
--

LOCK TABLES `media` WRITE;
/*!40000 ALTER TABLE `media` DISABLE KEYS */;
INSERT INTO `media` VALUES (1,1,31,'Qui hic sed aut autem. In reprehenderit autem odio deserunt enim. Quod eius molestiae eaque ducimus vel sunt dolores. Illo ullam sint aut ea aut quaerat. Et doloremque id incidunt est dicta maxime ut.','saepe',397,NULL,'2019-05-28 18:42:16','1977-07-04 19:10:44'),(2,2,32,'Aut quibusdam sit tempora et exercitationem distinctio mollitia. Facilis a quod modi sit vitae. Ipsum maiores quis adipisci deserunt ad. Minus suscipit laudantium ea laudantium sequi.','sit',220832,NULL,'1985-08-22 03:37:19','2016-12-29 12:26:25'),(3,3,36,'Optio voluptatem vitae ipsum voluptatem alias incidunt. Quae magni et deleniti. Mollitia aut et dicta est at dolor quidem.','deserunt',6,NULL,'2009-12-23 15:26:46','1977-12-30 04:39:07'),(4,4,37,'Repellendus odio iure voluptatem rerum. Iure ut qui nesciunt. Non eligendi qui vero excepturi ut perferendis. Rem blanditiis ut ullam quo deleniti.','atque',2161,NULL,'2021-02-28 10:48:56','1993-07-03 19:15:53'),(5,5,39,'Deleniti quia repudiandae nobis quia nulla in aut explicabo. Quis a omnis eos ut. Eos ea nam odio et sunt.','facilis',0,NULL,'1987-04-29 23:04:58','1971-01-14 23:40:01'),(6,6,40,'Quaerat dolorem sed odit hic esse illo dignissimos. Et quis alias voluptas quae ut nihil qui molestias. Occaecati amet odio nisi itaque.','nihil',228861226,NULL,'2014-01-13 02:14:07','2004-08-15 06:19:46'),(7,7,43,'Error velit ea qui id. Non nihil architecto vitae. Impedit quod ducimus rerum voluptate culpa alias odit temporibus. Debitis nemo quisquam dolorum repudiandae omnis sequi id.','et',5924,NULL,'2000-09-14 22:40:59','1989-04-09 09:55:14'),(8,8,44,'Voluptates voluptatem explicabo aspernatur sed numquam similique. Et vitae atque deserunt est incidunt. Aut dolore debitis nihil est beatae voluptatem reiciendis.','molestiae',7732894,NULL,'2007-06-17 11:59:49','1997-07-26 07:43:16'),(9,9,45,'Ab repudiandae iste voluptas magni maxime nisi consectetur. Perspiciatis suscipit qui ea labore non. Ut quia quae itaque excepturi.','id',73980796,NULL,'1982-07-31 18:19:24','1983-03-21 03:28:36'),(10,10,46,'Accusamus nihil odio inventore. Explicabo magnam et repellat eligendi quaerat aliquid laborum quo. Accusantium inventore dignissimos facilis dolorum quis voluptatem delectus. A minima architecto vero et saepe fugit officia.','quo',371,NULL,'2011-02-10 23:42:45','1993-10-27 18:02:11'),(11,11,47,'Sit quam sequi vel asperiores et rem alias. Enim id eos sit non saepe molestias. Facilis doloribus sint modi eveniet ut.','neque',70837174,NULL,'2004-08-22 04:41:39','1995-12-08 14:14:12'),(12,12,48,'Est enim dolorem enim doloremque. Eum in ea doloribus tenetur aut est. Dolor laborum aliquid aut ad cupiditate vel inventore. Ut est facilis molestiae molestias saepe.','in',1163,NULL,'2021-08-17 10:09:17','1990-01-31 23:25:29'),(13,13,50,'Quae dolor nostrum et recusandae architecto sequi voluptatem. Voluptate minus est quidem veniam id veritatis excepturi velit. Voluptas saepe animi voluptate aliquam. Ipsa veritatis quia corrupti ut quis.','soluta',620092,NULL,'1996-03-20 05:30:21','1986-04-11 07:30:01'),(14,14,51,'Neque porro ut minima cum voluptas repellendus. Pariatur consequatur et corrupti explicabo accusantium soluta enim. Omnis inventore eum voluptatem voluptates consequatur. Minus vitae sint exercitationem fuga et.','perspiciatis',5,NULL,'2002-11-22 10:28:33','1982-06-11 12:22:40'),(15,15,53,'Tempora optio minus aliquid qui. Reprehenderit sit eius ipsam. Illo sapiente ea quis quibusdam temporibus accusantium et voluptas. Reiciendis soluta voluptatum quae aut voluptatum ipsum rerum.','ut',17,NULL,'2017-02-27 02:07:56','1975-12-11 02:06:01'),(16,16,54,'Laboriosam dolores veniam quis. Libero reprehenderit harum perspiciatis incidunt. Cumque rem amet reiciendis maxime delectus. Et praesentium nisi inventore.','amet',0,NULL,'1998-01-06 16:56:01','2015-10-02 03:47:56'),(17,17,56,'Incidunt nulla eius quibusdam cupiditate illo. Minima ullam voluptas non vel. Nostrum laborum praesentium incidunt facilis tenetur rerum ducimus. Officiis iure incidunt maiores qui ea qui fugiat.','facere',0,NULL,'1976-04-14 21:59:07','2012-12-31 02:10:39'),(18,18,58,'Voluptatum quas in deserunt dolore. Debitis est nisi iste et. Minus odit omnis tempore autem. Sed voluptatum tempore autem aut et non. Voluptates magni odio illum architecto soluta sint.','facilis',996750,NULL,'1973-11-17 13:57:07','2018-10-11 00:50:38'),(19,19,60,'Voluptas quas sit accusantium. Ex mollitia rerum ipsum voluptas aut. Quaerat atque molestiae quia necessitatibus adipisci. Odio corporis suscipit nam voluptas voluptate autem placeat quia.','amet',389,NULL,'2014-07-30 22:50:01','1992-12-17 14:05:20'),(20,20,31,'Omnis minus eaque aliquam facilis maxime corrupti. Exercitationem rem quae facere est pariatur. Enim minus asperiores minus ut aut quia.','vitae',74433880,NULL,'2018-08-28 18:52:59','2019-11-13 12:55:57'),(21,21,32,'Architecto et harum ex libero provident. Quia sed ullam atque dignissimos itaque. Cum perferendis sapiente provident sequi. Animi tempore cumque magnam nesciunt maxime dolorem. Saepe impedit excepturi iste dolor et non deserunt.','et',973648,NULL,'2013-07-14 20:01:43','1983-09-26 06:38:59'),(22,22,36,'Ad alias enim tempora necessitatibus. Ut nostrum sit id esse nihil dolores. Saepe enim veritatis aperiam voluptatem exercitationem id eos nihil. Natus sequi amet nulla doloribus.','rerum',7005,NULL,'2006-11-16 01:36:18','2002-10-19 22:46:04'),(23,23,37,'Magnam omnis ex et soluta. Aut enim sed in eius autem quia ut. Impedit vel facere autem ipsa maiores dolorem.','ea',2079,NULL,'1988-01-25 15:38:08','2005-07-22 12:28:00'),(24,24,39,'Odit ipsa voluptas sit id error voluptatibus assumenda placeat. Sit nisi voluptatem ad voluptas. Officia dolores excepturi officia sapiente provident sint quo quia. Ut placeat amet magnam vitae voluptas.','laudantium',7905,NULL,'1970-05-17 01:54:33','1985-07-17 20:25:41'),(25,25,40,'Rerum quo maiores reprehenderit aut ipsam. Enim nihil est non ipsum esse rerum. Nulla eum eaque nam aut. Nisi eligendi voluptatem deleniti illo.','et',3098477,NULL,'1976-06-19 09:19:56','1981-06-02 20:30:42'),(26,26,43,'Est modi est aut recusandae quis. Ut soluta ut rerum earum unde nulla. Rerum pariatur voluptas consequuntur sequi quos magni et sint. Ut ut ea vel sunt sit itaque dignissimos.','amet',8320085,NULL,'2010-05-19 10:46:23','2001-03-30 03:48:07'),(27,27,44,'Impedit dolores non est dolores. Quas facilis corrupti quam quod nihil sed. Sed maxime commodi quia sunt dolore omnis libero deleniti. At perferendis excepturi reprehenderit ut.','quam',306,NULL,'2003-09-24 00:39:26','2019-03-25 21:09:02'),(28,28,45,'Reprehenderit ratione est voluptas in accusamus voluptatem tempora. Ab debitis aut placeat consequatur assumenda sit et debitis. Impedit beatae a at illo et veritatis. Ad nihil dolorem sint numquam et. Consequatur blanditiis quia aut illum quo aliquid iusto.','non',432609490,NULL,'1998-01-21 09:16:26','1989-10-15 16:00:08'),(29,29,46,'Neque et iste totam aut sit. Quos aperiam nemo et fugiat.','omnis',177,NULL,'2000-06-20 17:54:28','1973-02-03 03:15:44'),(30,30,47,'Assumenda quidem aut ut eveniet ut et est. Vel laudantium velit corporis eius est est molestiae hic. Nihil eius autem nesciunt est. Ratione error distinctio quia sit id.','et',998113485,NULL,'2007-10-23 05:01:33','2016-12-12 01:48:30'),(31,31,48,'Magni dicta et optio error debitis sit unde. Ut quidem dolor magnam consequuntur accusantium. Deserunt sint dolores illo necessitatibus adipisci. Temporibus possimus nihil nisi minus suscipit non corporis.','perspiciatis',0,NULL,'2011-12-04 05:31:08','1995-04-21 14:27:41'),(32,32,50,'Doloremque consequatur autem qui id vero. Ea nihil culpa tenetur hic placeat ex aut sint. Qui vel a autem est suscipit. Qui ut laborum odit repudiandae dolores.','recusandae',0,NULL,'1979-06-23 09:06:53','2002-06-10 18:17:38'),(33,33,51,'Corrupti dolore est accusantium aut omnis officiis voluptatem. Voluptas facere nobis vel sunt quibusdam et. Cumque quam consectetur iusto quaerat.','corrupti',456634,NULL,'2003-08-15 00:21:06','2020-07-16 00:48:49'),(34,34,53,'Cumque aut dolore reprehenderit maxime aliquid voluptatem aspernatur. Deleniti qui recusandae beatae perspiciatis recusandae voluptatem. Minima perferendis autem qui quia aut. Tenetur iusto ut expedita velit aut porro.','fugiat',896,NULL,'1995-11-21 15:36:11','1987-01-23 00:24:15'),(35,35,54,'Et nobis dolore aperiam est eaque nihil. Error enim sequi dolor et. Excepturi in quos rem.','eveniet',929455860,NULL,'2016-10-06 17:03:15','1981-03-04 07:30:17'),(36,36,56,'Quibusdam ex voluptatum quia occaecati facilis id. Repudiandae amet nihil praesentium fuga. Nesciunt aliquid nihil ducimus ut magnam.','natus',0,NULL,'1993-06-05 12:40:40','1988-02-02 05:59:22'),(37,37,58,'Facilis est natus doloribus ea error consequatur. Nisi iusto sint ullam optio. Iusto ut rerum neque ut et.','consequatur',53,NULL,'1970-08-28 14:30:41','2020-11-29 12:15:32'),(38,38,60,'Possimus ullam ut rerum. Fuga maxime nam repudiandae a et illo. Nemo voluptas eum repellat sed vel. Quam ea dolor mollitia nemo odio sapiente quo necessitatibus.','sequi',384836,NULL,'2012-07-13 11:53:58','2021-11-16 10:50:10'),(39,39,31,'Accusamus molestias et accusamus tenetur. Dolores et et consequatur quis mollitia eos occaecati. Ea sint nemo sapiente voluptate sint deserunt et illum.','facilis',9506,NULL,'2008-06-11 14:21:22','2009-06-13 07:34:38'),(40,40,32,'Optio non non recusandae aut magnam animi. Vel iste porro inventore voluptatem deserunt consequatur. Provident et sint sed voluptatibus repellendus facilis.','culpa',92,NULL,'2002-12-19 13:41:45','1971-09-09 05:03:07'),(41,41,36,'Similique adipisci quisquam rerum aut. Dolorem suscipit iusto quis voluptatem. Iure aliquam aut enim et quia inventore. Rem qui placeat nemo. Et illum nobis ducimus saepe vitae corporis.','soluta',160648054,NULL,'1996-09-04 13:09:23','2005-11-09 15:44:10'),(42,42,37,'Ratione temporibus odit odit veniam dicta enim et rerum. Asperiores reiciendis odit accusamus eos qui. Reprehenderit magnam corporis natus fugiat. Dolor eum sit quo sunt ad est.','repellat',2228275,NULL,'2020-06-13 21:35:21','1971-11-14 11:46:09'),(43,43,39,'Et maiores error aut quia esse quo. Quaerat quam laboriosam non rerum qui sunt. Dicta omnis nam ut eum quo maiores.','voluptatem',1,NULL,'2010-02-24 19:45:30','1974-05-07 15:08:37'),(44,44,40,'Qui sed velit non non quod corporis accusantium. Sed mollitia mollitia et dolor omnis culpa odio. Sed qui tenetur voluptates et unde asperiores. Aliquid non debitis atque quos.','nemo',14603,NULL,'2013-09-19 23:06:08','1970-08-29 23:38:14'),(45,45,43,'Voluptas non excepturi velit fugiat. Voluptatem quis error maxime illum mollitia delectus excepturi expedita. Voluptatibus et ut esse eveniet neque quia.','consequuntur',65720,NULL,'2021-07-24 01:46:19','1988-07-02 11:06:49'),(46,46,44,'Ducimus accusantium vel nobis qui. Earum error aut ea consectetur labore. Tempore voluptatem magni molestias error. Voluptates qui quia eos.','sint',653444959,NULL,'1991-11-06 07:31:46','2014-01-12 01:50:28'),(47,47,45,'Dolores ratione non earum itaque maiores velit. Eius cupiditate aut ut. Quibusdam repudiandae quia reiciendis asperiores earum aut. Architecto harum asperiores deserunt quaerat.','voluptate',6130,NULL,'1976-04-14 00:08:07','1972-09-19 13:32:43'),(48,48,46,'Minima nihil aut praesentium recusandae. In animi deleniti dolore doloribus atque sed sed. Et in corrupti laudantium omnis ullam. Quos veniam laborum magnam labore quaerat est.','porro',623878213,NULL,'1975-03-31 08:46:52','1980-01-25 03:19:11'),(49,49,47,'Tenetur rerum ullam rerum aut eius iste a sequi. Sed maiores nulla ut. Excepturi debitis qui facere excepturi et. Ut fugit aspernatur aut voluptatem debitis. Atque voluptatum iure dolores.','quaerat',83,NULL,'1970-06-06 09:54:06','2007-08-07 22:50:54'),(50,50,48,'Ut quis eveniet commodi explicabo officia inventore provident. Saepe deserunt quia harum maiores dignissimos voluptates. Id quam dolorum animi placeat et ab. Repellendus quod harum consequuntur ducimus ut. Asperiores alias asperiores voluptas.','et',0,NULL,'1974-08-13 10:51:34','2000-11-14 03:29:51'),(51,51,50,'Eaque necessitatibus debitis reiciendis itaque aut ut. Ut aspernatur accusantium sit aliquam optio eos. Recusandae ea sunt quis aspernatur. Est minus dignissimos voluptatem iusto explicabo.','molestiae',855425,NULL,'1987-10-21 18:28:42','2011-01-11 06:43:38'),(52,52,51,'Velit quae quos atque ex debitis neque aperiam. Deserunt velit occaecati corporis officia eligendi atque consequuntur. Molestiae fugit veritatis voluptas numquam aut natus perspiciatis. Labore nam atque repudiandae facilis.','fuga',91,NULL,'2009-06-01 18:22:33','1996-10-11 05:19:17'),(53,53,53,'Quibusdam amet velit ullam consequatur. Quis distinctio facere amet. Sunt sequi rem reprehenderit quo rerum dicta. Ut eos cumque tempore quod.','ratione',24570,NULL,'1973-03-21 12:18:07','1986-04-23 00:22:54'),(54,54,54,'Et et enim exercitationem id non suscipit. Consequatur aut et et beatae totam quod. Exercitationem non quia dolores excepturi neque hic unde. Omnis consequatur soluta atque eaque.','exercitationem',423,NULL,'2015-09-07 13:27:56','1988-07-26 22:46:31'),(55,55,56,'Dignissimos quae recusandae voluptatem reiciendis consequatur. Eligendi quidem dolores aut et deserunt eos et. Quisquam est dolor fuga voluptate corrupti veritatis minima. Voluptatem alias et veritatis qui nostrum quia qui.','voluptatum',299,NULL,'1986-08-25 18:48:48','2001-03-09 17:31:07'),(56,56,58,'Ut voluptatem ea nihil laboriosam inventore nemo. Enim repudiandae quod aut repudiandae autem consequatur. Asperiores blanditiis est maiores est eveniet. Qui et et fuga voluptas.','perferendis',8,NULL,'1980-06-08 19:45:32','2019-08-31 09:59:26'),(57,57,60,'Modi ex voluptatem molestiae et quia et in. Sequi voluptate perferendis nam id optio molestiae. Amet quo minima distinctio tempora dolorum. Quo et et ea et quis.','quo',180857028,NULL,'2017-12-13 05:13:55','1979-07-09 07:34:38'),(58,58,31,'Saepe eos dolores voluptatem nam. Eveniet et ut sint autem.','commodi',713727129,NULL,'2010-05-03 14:56:31','2000-01-22 04:28:37'),(59,59,32,'Debitis sunt est aut quasi expedita voluptatem totam non. Unde non nihil placeat optio et non quasi quam. Perspiciatis vel et sed quo cupiditate error necessitatibus. Ut adipisci voluptates consectetur sint ipsum est.','rem',13,NULL,'1974-03-10 09:29:16','1987-04-12 08:17:53'),(60,60,36,'Amet qui fugit laudantium porro. Consequuntur molestias atque autem ex. Vel repellendus vero vitae. Dolor ex necessitatibus enim iure vel excepturi. Expedita vel suscipit dolor.','aut',9908,NULL,'1994-09-21 22:50:44','2011-04-17 11:09:20'),(61,61,37,'Optio et laborum animi aut consectetur sit. Quis pariatur pariatur deleniti consequatur. Voluptatem velit nobis est unde non.','asperiores',852,NULL,'1998-10-10 01:21:54','1992-03-01 05:47:30'),(62,62,39,'Eos hic sed corporis eaque et aut. Illo nihil aut id magni fuga laboriosam vel. Dolor non quae doloremque. Omnis qui est ut consequuntur magnam commodi.','fuga',87,NULL,'1992-01-31 21:49:48','2004-12-23 07:35:55'),(63,63,40,'Quisquam aut nemo porro tempora. Excepturi inventore incidunt laboriosam nihil nihil voluptatem saepe minima.','commodi',0,NULL,'1972-04-22 17:36:20','1974-03-17 00:54:48'),(64,64,43,'Accusantium dolorum assumenda reprehenderit quas totam sed. Quam eveniet quia labore inventore.','consequuntur',1,NULL,'1995-04-09 20:41:26','1996-01-04 05:33:29'),(65,65,44,'Est error eum vel placeat cumque provident. Eveniet culpa incidunt neque vero eos incidunt ab. Suscipit iure commodi quaerat saepe consectetur voluptatibus. Eum culpa laboriosam in exercitationem.','minima',0,NULL,'2000-07-24 10:55:43','2018-04-21 21:54:41'),(66,66,45,'Voluptatibus officiis aliquid consequuntur nostrum aut eius sapiente. Voluptatem dolor quia libero laboriosam. Soluta qui et iure error voluptatem.','labore',8,NULL,'1989-03-16 07:32:20','1988-06-05 03:35:18'),(67,67,46,'Quos in molestiae dolor sed eius voluptates molestias. Ducimus eum vero consequatur provident libero eum qui alias. Voluptas officiis a neque sapiente. Aut et consequatur at quas.','fugiat',27462,NULL,'2021-03-06 15:17:29','1973-06-28 21:25:19'),(68,68,47,'Eveniet et aut aut itaque est. Accusantium ab dolores quas maiores ex neque illo. Qui quia officia debitis. Officia aperiam quasi autem nihil. Perspiciatis quia dolores inventore a.','ut',610378,NULL,'2019-11-18 14:07:20','2006-09-21 11:37:25'),(69,69,48,'Ex est adipisci cumque excepturi rerum sint dolor. Incidunt rerum et sit possimus facere tempore tenetur. Voluptatibus dolores aperiam autem placeat dicta laudantium. Blanditiis sed nobis sit quo est blanditiis.','expedita',321259,NULL,'2016-09-20 23:11:28','1987-12-18 09:09:02'),(70,70,50,'Ut autem quia ab distinctio consectetur. Quas numquam eos est rerum omnis modi voluptatibus. Inventore accusantium qui accusamus quia.','minima',8,NULL,'1985-07-08 18:54:48','1982-08-22 12:51:49'),(71,71,51,'Cumque corrupti et dolores reprehenderit. Quia error ducimus maxime possimus excepturi ipsum. Ut enim vitae est accusamus voluptas dolorem. Ullam perspiciatis voluptatibus aliquid officiis voluptatem.','possimus',64817165,NULL,'2021-02-24 09:30:14','2016-04-26 18:05:22'),(72,72,53,'Voluptas doloribus quia velit nemo ut et omnis maxime. Molestiae repellendus quisquam non rerum. Tempora autem magni suscipit neque debitis asperiores.','sit',25127,NULL,'1982-11-02 11:36:54','2018-04-29 08:20:21'),(73,73,54,'Qui earum aut et et dolorum. Dolore aliquid vero ut praesentium. Excepturi rerum nihil blanditiis eligendi quia. Consequuntur qui commodi omnis sit voluptatibus et voluptatum excepturi.','officia',2136,NULL,'2012-04-02 22:08:36','2019-09-01 02:22:53'),(74,74,56,'Animi cupiditate tempora labore molestiae aut eos. Perspiciatis porro aut rerum eos necessitatibus. Voluptates eveniet accusamus eligendi dolorem.','omnis',0,NULL,'2009-08-04 16:26:32','2000-07-25 08:00:17'),(75,75,58,'Quae molestiae quos quaerat impedit est. Omnis sint sit eos aut pariatur vel. Inventore ipsam numquam voluptatem qui.','magni',722661,NULL,'2012-08-07 14:44:01','2012-06-22 00:43:27'),(76,76,60,'Rerum est est molestias qui perferendis dolores. Illum sint quae ipsum pariatur. Ut ratione atque magni culpa qui reprehenderit. Voluptatum sunt quis corrupti cumque voluptatibus et. Et doloremque suscipit corrupti dignissimos minus.','enim',24113386,NULL,'2013-03-07 12:46:30','1982-06-02 06:57:07'),(77,77,31,'Eius ut eos voluptas dolorem sed. Quasi sequi officiis voluptatem perspiciatis nihil labore omnis. Id ut animi pariatur iusto sit minima dicta. Non qui ullam enim voluptatem. Autem dignissimos ducimus ad aut alias.','quia',7528965,NULL,'1975-12-29 16:36:43','1990-11-10 09:49:02'),(78,78,32,'Enim quas veniam harum suscipit. Qui eaque repellat vel voluptate sunt. Aperiam nulla et eligendi necessitatibus omnis ut quia. Commodi dicta laudantium corrupti non quibusdam.','nesciunt',89579,NULL,'2002-03-29 17:34:43','2017-05-06 03:47:43'),(79,79,36,'Repellat magnam dolor veritatis quia non maiores. Beatae optio quasi corrupti sequi quis.','sit',905558,NULL,'1992-09-26 18:21:40','2006-09-12 09:55:02'),(80,80,37,'Expedita doloribus sed nam. Ratione et aut provident sit et. Iusto sunt voluptas temporibus tempore accusamus placeat commodi iusto. Et cum rerum voluptatem.','soluta',599,NULL,'1984-11-03 19:02:38','1985-11-19 16:54:35'),(81,81,39,'Possimus libero provident molestiae. Nisi impedit velit explicabo voluptatem beatae totam rerum consequuntur. Molestiae at distinctio veritatis delectus aperiam. Architecto animi ratione sit voluptatem velit temporibus deserunt.','ut',3,NULL,'1970-08-24 00:58:03','1999-07-01 13:17:35'),(82,82,40,'Aut mollitia eos facilis cupiditate earum vero. Provident voluptate dolor voluptates dolores ut cum. Architecto ab ut veritatis inventore laboriosam at ab.','natus',231872,NULL,'2002-09-19 00:48:25','1983-09-16 02:31:03'),(83,83,43,'In ut aliquid aut repellendus occaecati aut ullam. Eius omnis et magni pariatur. Quod explicabo est nulla tenetur. In dolores est esse fugit quasi dolorum.','deserunt',736677,NULL,'2007-02-21 03:56:36','1978-11-19 22:29:40'),(84,84,44,'Consequatur laudantium velit aliquid ut aliquid. Omnis sit nihil animi illo nostrum. Nam aut quo sit nesciunt minima perspiciatis voluptatem.','recusandae',84637102,NULL,'1996-09-08 07:41:52','2020-12-07 12:25:10'),(85,85,45,'Explicabo ullam pariatur natus non unde dolores. Quod delectus consequatur et sunt. Labore et tenetur molestiae sit sunt eaque consequatur vero.','fugit',24649,NULL,'1971-05-19 16:26:06','2010-10-18 05:32:41'),(86,86,46,'Incidunt qui sint maxime minima. Est dolores et dicta voluptatibus vel blanditiis ut. Suscipit repellendus temporibus ut et. Beatae consequuntur accusamus harum voluptatem necessitatibus omnis ab. Illo molestiae necessitatibus officia placeat.','ipsam',50849664,NULL,'2005-09-14 04:35:28','1984-10-29 06:37:52'),(87,87,47,'Deleniti placeat quaerat eos illo qui. Sit voluptate et illum suscipit. Sit qui corrupti eaque inventore ut. Placeat provident animi voluptatem molestiae et ut.','impedit',551988524,NULL,'1999-08-23 09:16:08','1972-02-04 02:24:56'),(88,88,48,'Modi nihil laboriosam quam sunt. Et eum magni saepe quia vero sequi illo est. Alias ut eos ut dolorem.','est',0,NULL,'1976-09-07 19:09:43','1970-11-26 10:08:10'),(89,89,50,'Pariatur vel nostrum quaerat. Eum nam veniam magni dolor molestiae accusamus. Accusamus doloribus error aspernatur quis laboriosam commodi. Quo rem impedit similique perferendis excepturi.','eos',7,NULL,'1973-09-09 21:24:48','1985-02-18 10:13:13'),(90,90,51,'Enim placeat sint earum praesentium in. Incidunt nam voluptas quidem et error occaecati. Rem ea deserunt repellat voluptas. Impedit est enim quam minus sunt illo.','dolor',628148,NULL,'2015-06-02 23:30:05','2006-11-20 23:54:06'),(91,91,53,'Et et corporis saepe commodi quia sit ullam. Perspiciatis ea numquam pariatur dicta aut. Quia labore et qui nulla molestiae.','sed',94,NULL,'1981-03-05 06:23:13','2014-09-17 15:01:36'),(92,92,54,'Temporibus optio nobis labore explicabo libero aliquid exercitationem. Cupiditate consequatur ut aut nihil repellat consequatur. Qui ducimus harum et quaerat impedit sunt.','esse',0,NULL,'1998-04-06 03:49:36','1982-06-05 10:57:48'),(93,93,56,'Quae minima voluptatum voluptatem placeat corporis iusto. Officia sequi nostrum modi minus vitae exercitationem et porro. Assumenda in ut vel nesciunt minima praesentium quaerat et. Neque minus aut nulla odit numquam aut explicabo sequi.','velit',81,NULL,'1970-03-02 14:38:50','2006-10-03 20:50:19'),(94,94,58,'Voluptatibus dolor eos officia quos aliquam labore. Molestias quia corrupti tempore ipsam quia cumque harum ullam. Ullam in aliquam sunt sapiente provident doloribus adipisci.','nesciunt',62749551,NULL,'2001-05-15 14:04:32','2011-03-09 05:07:16'),(95,95,60,'Tempora dolores reiciendis sint qui molestiae. Quis voluptatem velit non esse commodi maiores itaque. Amet rerum quia deleniti dolor nihil. Voluptas vel ut blanditiis voluptatum aut architecto architecto.','soluta',6097,NULL,'2017-10-27 20:00:19','2019-05-22 16:37:11'),(96,96,31,'Et enim et repellat esse in deleniti quia. Repellat et quaerat iusto veniam. Consequuntur odit molestias quae repudiandae expedita. Harum quae at aut architecto quam.','consequatur',54179,NULL,'1993-12-15 13:59:29','1976-10-10 15:17:16'),(97,97,32,'Facere magni id consequatur similique laborum eum quasi perferendis. Ipsum possimus ipsa dicta aliquam. Sequi ut in quia quis voluptates quidem aut. Rerum velit ea autem at ut corporis et.','enim',2203,NULL,'2010-01-14 13:32:00','2022-01-03 06:21:33'),(98,98,36,'Animi maiores tempore esse omnis nobis qui excepturi. Qui sint rerum dolorem nostrum architecto. Et ut quas quam aut sunt expedita ex. Pariatur sed incidunt minus officiis consectetur consequuntur qui.','voluptas',460,NULL,'1992-11-06 17:40:35','2009-09-16 19:10:17'),(99,99,37,'Aut temporibus nihil voluptas. Provident optio itaque sint alias voluptatibus. Quia provident natus rem incidunt voluptatem at. Minus tenetur ut laudantium facere ut autem nobis tempora. Aperiam eos quos qui perferendis.','ut',7,NULL,'2008-06-18 20:06:48','2020-09-11 20:21:29'),(100,100,39,'Quia porro accusantium et et. Dicta adipisci quasi fuga autem et asperiores a cum. Harum libero pariatur exercitationem ipsam. Enim maiores vel nisi fugit.','alias',834145916,NULL,'1984-10-30 14:58:07','2002-11-01 23:25:39');
/*!40000 ALTER TABLE `media` ENABLE KEYS */;
UNLOCK TABLES;

--
-- Table structure for table `media_types`
--

DROP TABLE IF EXISTS `media_types`;
/*!40101 SET @saved_cs_client     = @@character_set_client */;
/*!50503 SET character_set_client = utf8mb4 */;
CREATE TABLE `media_types` (
  `id` bigint unsigned NOT NULL AUTO_INCREMENT,
  `name` varchar(255) CHARACTER SET utf8mb4 COLLATE utf8mb4_unicode_ci DEFAULT NULL,
  `created_at` datetime DEFAULT CURRENT_TIMESTAMP,
  `updated_at` datetime DEFAULT NULL ON UPDATE CURRENT_TIMESTAMP,
  UNIQUE KEY `id` (`id`)
) ENGINE=InnoDB AUTO_INCREMENT=101 DEFAULT CHARSET=utf8mb4 COLLATE=utf8mb4_unicode_ci;
/*!40101 SET character_set_client = @saved_cs_client */;

--
-- Dumping data for table `media_types`
--

LOCK TABLES `media_types` WRITE;
/*!40000 ALTER TABLE `media_types` DISABLE KEYS */;
INSERT INTO `media_types` VALUES (1,'quia','1997-07-30 08:10:25','2003-04-12 08:04:05'),(2,'quo','2002-10-02 23:48:03','1989-11-22 16:25:36'),(3,'laudantium','2000-02-11 15:11:21','1998-07-05 07:59:43'),(4,'similique','1989-06-20 11:54:01','1984-05-21 21:05:15'),(5,'iste','2012-08-18 16:51:23','1999-09-20 14:28:07'),(6,'incidunt','1983-11-11 19:50:59','2008-01-30 11:10:18'),(7,'maxime','2007-01-26 16:49:19','2016-04-12 07:18:29'),(8,'qui','2014-07-14 02:17:29','1988-02-05 06:24:40'),(9,'aut','1989-09-19 03:13:28','1998-07-05 05:12:02'),(10,'et','1974-11-25 03:09:47','1984-08-14 12:18:23'),(11,'eum','1971-12-05 02:38:50','2001-11-28 12:50:55'),(12,'sed','2019-11-06 05:58:34','1986-03-09 05:29:13'),(13,'non','2016-09-13 20:08:20','1999-07-25 23:06:42'),(14,'a','1991-01-17 15:28:51','1981-04-01 22:09:27'),(15,'et','1988-06-27 09:16:03','1997-06-28 15:48:17'),(16,'ut','1983-06-13 00:54:42','1987-03-31 18:23:51'),(17,'sed','1985-12-22 21:56:53','1999-12-31 03:06:36'),(18,'enim','1997-03-01 16:54:05','1972-05-29 05:48:56'),(19,'ullam','2017-12-07 15:44:29','2018-06-28 02:39:28'),(20,'modi','1980-03-09 21:30:47','2000-08-14 02:34:26'),(21,'veritatis','1998-09-01 23:33:46','2000-10-10 09:13:37'),(22,'et','1987-01-15 22:22:39','1986-12-22 18:04:42'),(23,'soluta','2012-12-21 22:54:35','1984-01-09 08:16:50'),(24,'minus','1992-03-28 13:38:41','1995-08-12 15:15:01'),(25,'numquam','1997-05-02 20:28:57','1987-06-18 19:33:11'),(26,'sed','1978-05-14 10:57:14','1988-07-28 16:18:52'),(27,'tempora','1991-11-16 19:15:38','2007-08-06 03:40:28'),(28,'omnis','1999-04-12 19:48:34','1972-03-23 22:23:05'),(29,'consequatur','1982-08-27 09:05:39','2019-08-09 02:35:32'),(30,'sapiente','1993-08-17 22:42:52','2003-07-03 16:48:17'),(31,'est','1991-12-13 04:03:47','1995-10-07 13:05:30'),(32,'adipisci','2011-06-20 08:23:38','2002-10-14 04:13:38'),(33,'deserunt','2019-02-21 08:21:15','1982-04-28 00:40:45'),(34,'ut','2004-07-26 23:23:13','2012-02-24 20:27:59'),(35,'alias','2020-09-27 18:57:04','1980-08-20 18:59:20'),(36,'dolorem','1985-01-03 11:41:21','1980-09-15 15:38:08'),(37,'beatae','2008-08-16 13:26:37','2009-05-13 14:39:51'),(38,'quae','1988-07-06 16:08:29','1971-01-01 02:41:00'),(39,'sint','2012-10-02 05:11:31','2009-09-11 15:37:11'),(40,'non','2004-07-27 18:31:16','1982-01-30 04:43:09'),(41,'ut','2021-07-29 09:09:28','1996-06-06 00:33:56'),(42,'id','1987-08-08 09:11:03','2006-11-13 10:49:32'),(43,'magni','2007-04-11 21:13:58','1992-02-18 19:58:53'),(44,'natus','2005-09-18 06:43:46','1974-03-01 01:25:56'),(45,'quis','2010-08-23 10:58:51','2007-07-23 17:22:10'),(46,'distinctio','2013-08-07 18:29:37','2012-11-01 03:12:41'),(47,'rerum','1970-01-24 06:02:49','1989-07-07 00:55:05'),(48,'qui','2001-11-08 11:10:17','1981-08-13 21:44:23'),(49,'rerum','1995-03-29 19:45:34','1978-07-09 20:06:51'),(50,'molestiae','2013-04-09 06:57:29','2019-07-17 06:39:22'),(51,'adipisci','2020-05-24 19:01:38','2016-07-06 13:42:33'),(52,'quaerat','1977-10-13 20:01:32','2008-07-24 16:51:05'),(53,'nulla','2000-07-27 03:20:49','2001-12-10 08:09:10'),(54,'quis','1981-06-19 10:00:17','1970-05-25 03:04:17'),(55,'dolorem','2005-02-06 02:32:10','2016-12-20 02:42:15'),(56,'nam','1991-09-13 07:14:04','2016-09-12 01:42:18'),(57,'est','1978-08-19 12:14:47','2010-03-25 16:03:19'),(58,'numquam','1984-02-03 16:47:40','2013-07-04 05:52:28'),(59,'voluptas','2006-05-01 15:26:53','2003-01-25 01:08:29'),(60,'et','2015-09-30 20:18:08','2012-12-11 18:54:44'),(61,'ad','1971-02-07 09:56:05','1975-11-18 20:50:37'),(62,'unde','1993-03-04 22:43:50','1990-11-12 19:42:17'),(63,'maiores','1975-02-14 20:55:38','1975-02-15 00:45:21'),(64,'odio','1987-11-30 17:40:56','2008-11-15 11:26:58'),(65,'voluptatibus','2013-01-20 01:52:54','1992-12-03 11:45:04'),(66,'aut','1986-08-20 10:42:48','1994-09-22 16:50:34'),(67,'omnis','1987-04-08 05:24:31','2011-04-02 02:42:57'),(68,'aspernatur','2011-12-28 03:56:17','2003-06-28 19:33:45'),(69,'sequi','1974-07-10 09:32:58','1984-02-23 07:16:01'),(70,'voluptas','1973-09-02 21:39:22','1971-08-04 12:06:30'),(71,'voluptates','1975-06-04 04:38:01','1994-01-18 00:43:12'),(72,'blanditiis','1988-04-29 02:58:00','2008-07-25 18:50:12'),(73,'eum','2001-08-18 14:46:56','2020-11-01 11:45:52'),(74,'voluptatum','1985-07-05 07:39:51','1970-08-26 00:00:44'),(75,'temporibus','2014-01-28 09:01:32','1982-12-10 23:25:29'),(76,'autem','2000-09-06 16:24:55','1979-10-08 10:42:18'),(77,'suscipit','2001-02-03 22:46:22','2012-04-15 23:23:20'),(78,'sed','1971-05-31 04:55:52','2002-05-11 08:24:40'),(79,'totam','2019-09-04 13:42:31','1970-09-05 22:43:38'),(80,'optio','1991-08-21 08:48:23','2021-06-10 13:09:00'),(81,'eum','2019-12-24 18:33:01','2012-10-02 10:44:30'),(82,'nobis','2007-03-07 16:35:51','1981-06-18 01:43:35'),(83,'nostrum','1978-12-05 07:05:44','2020-09-12 03:07:30'),(84,'molestias','2001-12-02 21:59:57','1983-08-22 01:16:38'),(85,'temporibus','2010-10-31 22:01:46','1992-09-02 14:02:26'),(86,'recusandae','2019-07-17 11:49:52','1973-10-25 19:54:37'),(87,'in','2012-08-31 18:48:38','1998-07-23 17:33:05'),(88,'accusantium','2013-10-04 10:26:59','2005-05-16 16:17:57'),(89,'voluptas','1988-01-28 08:33:38','2003-07-01 06:42:42'),(90,'pariatur','1972-07-02 09:52:50','1993-04-12 09:14:22'),(91,'illo','2020-02-02 00:21:32','2017-10-30 01:40:49'),(92,'aut','2006-04-23 02:29:12','2002-12-19 00:41:08'),(93,'minima','2004-01-09 19:14:02','1980-09-17 08:35:50'),(94,'iusto','1985-12-13 09:58:31','1982-03-29 17:57:14'),(95,'animi','2021-07-29 12:42:38','1972-02-17 06:12:19'),(96,'inventore','2013-12-29 08:12:47','1994-11-12 19:04:37'),(97,'voluptas','2018-05-24 09:42:16','2012-02-07 20:34:17'),(98,'ut','1971-12-31 21:54:00','1980-05-09 10:43:42'),(99,'vero','2015-11-03 03:27:58','1970-10-13 16:38:37'),(100,'harum','2017-10-25 15:56:12','2016-02-22 12:21:15');
/*!40000 ALTER TABLE `media_types` ENABLE KEYS */;
UNLOCK TABLES;

--
-- Table structure for table `messages`
--

DROP TABLE IF EXISTS `messages`;
/*!40101 SET @saved_cs_client     = @@character_set_client */;
/*!50503 SET character_set_client = utf8mb4 */;
CREATE TABLE `messages` (
  `id` bigint unsigned NOT NULL AUTO_INCREMENT,
  `from_user_id` bigint unsigned NOT NULL,
  `to_user_id` bigint unsigned NOT NULL,
  `body` text CHARACTER SET utf8mb4 COLLATE utf8mb4_unicode_ci,
  `created_at` datetime DEFAULT CURRENT_TIMESTAMP,
  UNIQUE KEY `id` (`id`),
  KEY `from_user_id` (`from_user_id`),
  KEY `to_user_id` (`to_user_id`),
  CONSTRAINT `messages_ibfk_1` FOREIGN KEY (`from_user_id`) REFERENCES `users` (`id`),
  CONSTRAINT `messages_ibfk_2` FOREIGN KEY (`to_user_id`) REFERENCES `users` (`id`)
) ENGINE=InnoDB AUTO_INCREMENT=101 DEFAULT CHARSET=utf8mb4 COLLATE=utf8mb4_unicode_ci;
/*!40101 SET character_set_client = @saved_cs_client */;

--
-- Dumping data for table `messages`
--

LOCK TABLES `messages` WRITE;
/*!40000 ALTER TABLE `messages` DISABLE KEYS */;
INSERT INTO `messages` VALUES (1,56,51,'Voluptas aut quia qui recusandae pariatur temporibus totam voluptatem. Sit iusto animi molestiae ex reprehenderit et ducimus. Ullam libero natus aliquam asperiores voluptatibus suscipit laudantium.','2001-10-13 13:07:06'),(2,40,37,'Et debitis blanditiis quis eaque soluta optio eos et. Aperiam quod similique in quae voluptate. Voluptas ut quia numquam id. Sit explicabo qui omnis inventore.','1986-08-08 20:53:24'),(3,39,40,'Mollitia esse ea sapiente quos et. Corporis odit ipsa libero expedita voluptatem commodi non. Eveniet sed odio iure exercitationem illum. Non quae est animi vitae quia odio.','1975-12-09 04:24:21'),(4,45,31,'Hic ut sequi alias. Quasi nobis perspiciatis sed. Dicta accusamus harum blanditiis debitis. Fuga inventore voluptas in ut quisquam.','1999-08-03 18:12:31'),(5,50,31,'Harum dignissimos et sed ea. Non dignissimos nesciunt voluptas omnis in molestiae. Alias dolorem consequatur vero quis dolores deserunt officiis.','2010-07-19 11:20:51'),(6,36,50,'Nam in qui quia aut qui. Eos temporibus veritatis magnam consequuntur et officia quia. Quia et tempore blanditiis necessitatibus consequatur. Cumque hic eius numquam facilis accusantium delectus.','1994-12-21 04:51:47'),(7,39,40,'Autem quibusdam nesciunt quaerat quasi dolorem molestiae iure. Ut iure praesentium eius et et. Quisquam officiis possimus et distinctio repellat similique qui. Inventore amet ut velit ducimus.','2004-04-04 23:24:50'),(8,40,58,'Rerum dolores et voluptatum tempora. Ut suscipit modi velit a. Unde nemo similique qui qui.','1990-01-31 03:51:30'),(9,31,46,'Et nesciunt officiis nisi deserunt nostrum rerum autem. Quidem sunt officiis omnis eligendi est qui assumenda. Omnis accusamus nostrum labore omnis id voluptatem. Error sint fuga qui perferendis porro.','2007-02-11 22:46:33'),(10,40,50,'Consequatur voluptatem sit et. Atque aut neque explicabo a. Deserunt quo dolores dolor aliquam aliquam. Accusantium est nam aliquam et.','2007-05-20 00:16:27'),(11,37,36,'Consectetur veritatis inventore quisquam molestias id. Qui tempora consequatur minima nobis. Sed et quae aut. Voluptatem nemo consequuntur iusto aliquid libero consequuntur sed sint.','1976-12-27 07:38:09'),(12,36,45,'Quibusdam et id quia deleniti consequatur minus fugiat. Molestiae delectus dolores et quam consequuntur culpa aut repellendus. Necessitatibus enim asperiores ipsum aut eum.','2018-03-07 16:06:28'),(13,51,39,'Modi doloremque alias ea quae numquam recusandae. Voluptates minima impedit at excepturi cupiditate omnis totam. Aut molestiae iusto facilis incidunt quia labore. Pariatur enim ut quia at odit asperiores magni eos.','2007-10-18 16:08:19'),(14,60,37,'Et velit qui voluptates quia consequuntur nihil et tempore. Culpa omnis earum autem vel est. Rerum minus sed enim iusto qui exercitationem.','1992-08-09 07:01:15'),(15,31,44,'Accusantium architecto aut totam asperiores neque reiciendis non. Ut pariatur aut recusandae quia in. Eaque natus omnis quia et numquam. Occaecati similique autem laborum unde mollitia.','2007-03-29 11:14:22'),(16,37,51,'Ut animi enim aut ipsa maxime non. Ut ea eius expedita sed. Consequatur aperiam assumenda ut et ipsum. Ab sit aut magnam sit.','2007-07-20 17:01:01'),(17,31,54,'Iure rem qui non delectus quia. A aut illum dicta quis sapiente. Inventore eveniet accusamus enim in quo iusto. Quia nobis et incidunt error aut ut explicabo autem.','2016-02-05 22:42:41'),(18,45,44,'Aliquid vitae numquam voluptatem non. Voluptates modi aliquam quis unde.','1978-10-19 14:49:23'),(19,48,37,'Sed eaque tenetur iusto architecto velit totam quam. Odit qui placeat laboriosam quasi aut voluptate. Voluptatem quibusdam et porro dolore assumenda eligendi.','2007-03-10 08:43:13'),(20,43,36,'Veniam consequuntur molestiae dignissimos commodi illum fuga consequatur. Magni quia sapiente iure. Delectus aperiam sed dicta. Nostrum soluta nesciunt voluptatem deserunt assumenda quos.','2001-05-23 02:20:23'),(21,47,31,'Iusto ea qui modi expedita consequuntur occaecati. Dicta maxime odit eligendi placeat magni. Aperiam ducimus quia nihil error aut. Accusamus sit sit facilis eaque. Dolores sit eaque cupiditate similique reprehenderit ut officia saepe.','2004-05-22 03:07:08'),(22,47,51,'Quis rerum ipsam ut rerum ratione nobis. Sed itaque ipsa officia ut. Aut ex sed eaque dolor quis nesciunt consequatur et. Et neque tempore nihil est.','2000-04-20 16:38:06'),(23,31,31,'Rerum asperiores explicabo vel quibusdam possimus iure blanditiis. Odio facere consequuntur odio vero molestiae voluptate maxime nostrum. Vero nemo distinctio fugiat qui.','1994-07-30 19:20:55'),(24,36,31,'Culpa necessitatibus voluptatem dignissimos iusto itaque rem quia. Ut aliquid commodi facere velit et molestias aut. Sunt maiores et pariatur ut. Cum consequuntur soluta quibusdam iure maiores molestiae. Dolores quos at culpa enim temporibus in perspiciatis quo.','2004-12-27 00:20:36'),(25,40,37,'Doloribus illo doloribus quaerat molestiae porro fugit. Dolor voluptatem neque impedit. Rerum voluptate adipisci hic dolor a.','1979-04-27 14:40:48'),(26,58,40,'Voluptate totam est suscipit. Sit dignissimos possimus ipsa necessitatibus occaecati et. Officia voluptatem placeat tempore laborum rerum quia nostrum. Harum sint sint voluptatem.','1981-05-02 01:44:42'),(27,54,56,'Accusamus quisquam distinctio minima voluptatibus. Ipsum nisi labore cum excepturi quasi. Dolores quos sint quae. In deleniti fuga sit voluptatem aut.','1975-10-15 05:36:19'),(28,37,51,'Omnis atque cupiditate temporibus quibusdam et. Natus deserunt et sit non qui facilis. Illum voluptas in magni repellat sapiente ipsa.','2015-04-27 10:40:38'),(29,50,51,'Cum aliquam itaque molestiae ratione ut. Odit ratione voluptas in explicabo labore. Error et et quae omnis odio dolorem nemo. Quaerat odio voluptas numquam a. Omnis non voluptatem ab voluptas ratione vitae.','1984-09-18 18:37:30'),(30,40,36,'Asperiores tempore itaque molestias quia labore. Magni illum possimus dolor laudantium voluptatem. Quo rem et qui numquam. Omnis aspernatur nihil dolorum odit rem praesentium.','1987-02-24 10:32:59'),(31,43,48,'Voluptas in quia necessitatibus earum exercitationem et. Quos nihil dolorum et nulla inventore sit sed. Nulla et neque animi voluptatem suscipit animi deleniti. Similique neque autem sed voluptatum optio sunt accusamus et.','2012-07-25 09:33:56'),(32,48,60,'Assumenda sunt qui qui ullam et sed quisquam. Inventore nemo ut animi necessitatibus et. Deleniti iusto accusamus earum omnis cupiditate. Voluptates et vel autem quas.','1981-01-05 07:48:57'),(33,31,36,'Consequatur illo vitae autem nam sequi doloribus. Minus rerum doloribus repellat nihil dolorum. Deserunt aut dolorem dolore veritatis sed non.','2007-11-06 21:44:09'),(34,48,36,'Molestias earum quod velit quisquam eum ipsa. Fugiat vel in repudiandae corrupti. Quia architecto qui nihil impedit. Dolorem suscipit praesentium itaque voluptatibus aut officia ratione id.','1995-05-30 03:33:34'),(35,47,40,'Aperiam impedit harum ipsum qui nihil quia soluta quidem. Sit id voluptate atque earum quos voluptates. Ea expedita rerum laborum dolor enim ut nisi. Deleniti earum doloribus quasi iste perspiciatis non.','1980-03-05 11:28:17'),(36,40,39,'Porro quis debitis aut voluptatem sed. Est neque facilis ipsam dolorum autem. Dicta et hic nisi aut optio modi cumque.','2010-02-06 22:48:17'),(37,48,47,'Architecto velit laudantium suscipit ipsum delectus et ratione. Labore consequuntur dolorum est officia veritatis et. Rerum quo reiciendis ea libero unde. Praesentium totam ullam eaque in dolorem.','1977-02-26 05:01:07'),(38,47,37,'Ut nisi atque rem voluptatem non possimus. Sed fuga suscipit officiis eum nulla. Ducimus nulla aspernatur vel sit explicabo eveniet ut. Aut consectetur exercitationem dolor quae ea.','1974-11-12 10:11:00'),(39,50,60,'Incidunt accusantium iste amet. Saepe neque aut et est. Tenetur dolorem ut harum qui. Eos rem quaerat ut aspernatur tempore sunt nemo dolores. Itaque doloribus nisi aut voluptatem sed quia.','1998-02-11 05:59:13'),(40,60,36,'Asperiores similique voluptas et porro. Illo architecto id saepe et ullam asperiores qui. Non accusamus quia aut beatae a facilis vitae. Nesciunt voluptas possimus perspiciatis minima et eos repellat.','2001-04-07 07:07:26'),(41,54,45,'Illo rerum unde autem non dolorem dolor. Qui accusantium vel est officiis aut tempora.','2017-10-26 07:17:50'),(42,39,60,'Est harum dolor dolor magnam omnis. Nulla quas laborum corrupti nemo enim minima. Porro sint quisquam necessitatibus a perspiciatis iure neque.','2009-04-28 15:19:51'),(43,47,45,'Impedit ut ut at quo beatae voluptatem. Voluptatem aliquam cum dolores aut soluta sed. Provident eum blanditiis cumque eaque commodi praesentium.','1986-12-01 06:43:09'),(44,48,54,'Ut praesentium minus eum enim. Consequatur id nihil delectus porro quam vitae nobis. Omnis accusamus recusandae perspiciatis magni inventore incidunt non quam.','1998-09-22 06:31:58'),(45,51,51,'Doloribus repellendus et laborum ut aut aliquam. Qui adipisci doloremque et autem perspiciatis labore. Officia dolore harum voluptatem dolorem qui repellendus harum nisi.','2010-12-17 20:02:19'),(46,45,58,'Molestias non unde unde enim quia. Saepe aut nobis iste eligendi voluptatem adipisci culpa. Pariatur quis autem non modi sunt omnis molestiae.','1999-06-12 09:27:54'),(47,31,37,'Illo aut minus velit ea exercitationem occaecati. Est consequuntur ea voluptas molestiae perferendis quia rem. Cum numquam reiciendis at. Aut aut quibusdam dolorem eos officia.','1985-05-14 18:39:00'),(48,40,40,'Numquam sint sit sint aut repudiandae mollitia velit blanditiis. Deserunt sint voluptatum earum et. Libero quia voluptas nemo quam est vitae et. Nesciunt eius omnis assumenda expedita optio cumque possimus perspiciatis.','2001-08-16 14:50:12'),(49,31,44,'Perspiciatis corporis ut sit cupiditate incidunt. Temporibus soluta omnis cumque cum error voluptates totam. Eos veniam ut aliquam illum vel quam qui.','1982-05-19 17:06:27'),(50,58,47,'Voluptas eius ipsam ut temporibus. Vero et alias qui omnis. Nesciunt debitis et consequuntur vero inventore commodi voluptatem vel. Qui culpa adipisci dignissimos rerum molestiae nisi. Distinctio ut facilis porro fuga optio quis.','1993-05-05 01:41:04'),(51,60,51,'Non quidem sed natus qui ut dolore velit aut. Odit illum ab eos ipsam est officiis expedita. Veritatis laboriosam ut et necessitatibus.','1971-07-20 16:10:48'),(52,32,48,'Quaerat dolore eum tenetur tempore laborum impedit cupiditate quia. Aut sit iste aspernatur qui. Sint et quis fugiat est ut et.','1975-03-20 01:32:31'),(53,39,48,'Dolore ex id id dolores. Et culpa velit dicta aliquid architecto aliquam cumque. Fuga rerum itaque explicabo vel autem eum dicta. Incidunt mollitia est qui iste architecto. Aut et sed repudiandae minima.','1996-03-01 15:55:02'),(55,43,44,'Corporis consequuntur ut ut sed voluptas enim omnis. Ad voluptas sed voluptatem vitae quaerat. Aliquid dignissimos commodi consequatur perferendis sed. Aperiam et harum eum pariatur neque repellat.','2013-11-29 22:00:04'),(56,58,46,'Iusto commodi blanditiis omnis in incidunt optio aut. Enim tempore ipsam omnis. Est vel qui cum tenetur vel doloribus.','1993-08-28 23:43:40'),(57,40,58,'Aut rerum voluptatibus odit earum sint dolor. Sapiente doloribus reprehenderit quisquam aliquam natus ratione corporis veritatis. Consequatur illum quis dolor qui explicabo molestiae. Neque accusantium reprehenderit non odit ab et.','2018-12-22 15:41:39'),(58,45,47,'Eum ratione rerum officia molestiae. Voluptates nisi possimus autem minus deleniti dolorum. Voluptates ad sapiente sit.','1976-07-26 06:25:17'),(59,40,47,'Illo provident quam numquam quibusdam. Autem rerum similique saepe labore sed occaecati voluptatem. Quasi autem quo reprehenderit omnis a sunt. Dolor ut sed voluptas reiciendis. Similique aut ducimus tempora corporis voluptate.','2004-08-11 19:28:07'),(60,50,53,'Qui omnis in eligendi consequatur occaecati id. Consectetur quis aut qui quia. Est ducimus non in culpa magni qui. Ea quis et numquam et. Reiciendis sed in saepe perferendis aut quas qui quis.','2005-07-02 03:19:10'),(61,47,36,'Illo vero vero ut quaerat. Vero repellendus distinctio maiores distinctio iure laudantium quia. Sapiente sint nobis numquam quis unde repudiandae. Autem vel est non a autem voluptatem. Voluptate eos possimus ullam consequatur earum.','1995-12-13 04:27:36'),(62,53,37,'Accusamus nisi voluptatem repudiandae facere eum. Eaque ut fuga voluptates doloribus omnis enim. Fugit sit et ipsam quo. Qui at non et sit sequi. Cumque error quaerat dolor eum non tempora.','1970-12-02 21:34:32'),(63,48,37,'Illo nemo quasi dignissimos occaecati iste deserunt est provident. Voluptatem qui illum nemo qui. Quo consequatur non temporibus.','1974-05-29 18:41:04'),(64,58,43,'Dolores quia voluptate consequuntur voluptas consequatur. Libero blanditiis dolore praesentium. Velit consequatur ut et perferendis neque quisquam commodi et. In recusandae eaque pariatur voluptatibus id dicta reiciendis.','2021-10-15 11:30:01'),(65,40,51,'Deserunt mollitia nihil laborum voluptas. Temporibus officiis dignissimos ut ducimus quasi perferendis quis. Facere quisquam et rerum ipsa ducimus. Commodi amet eaque vel temporibus vel ut veritatis.','1990-01-28 00:25:15'),(66,39,44,'Sit distinctio exercitationem consequatur quisquam ratione consequatur aut. Distinctio sint alias dolorem minima. Et maxime quaerat ut vero delectus voluptas est.','2002-10-11 16:20:34'),(67,40,40,'Atque in quas dolor accusamus quisquam et. Odit et voluptate aliquid. Mollitia tenetur aut eum eveniet voluptatem aspernatur et similique. Vel dolorem molestiae aliquam sed neque.','2020-06-25 16:49:27'),(69,58,31,'Quo quis labore quo omnis sapiente. Accusamus facilis delectus exercitationem corrupti. Inventore dolore autem ratione dignissimos harum. Dolore assumenda totam beatae ratione doloribus.','1999-06-21 04:51:40'),(70,54,45,'Et tempora adipisci id. Quibusdam pariatur repudiandae aperiam ut. Aliquam ut vel eos nostrum voluptatum velit quae.','1989-10-03 01:57:02'),(72,44,48,'Quod tenetur eveniet inventore numquam rem repellendus numquam velit. Quisquam vero dolorum qui numquam quaerat provident. Non rerum aut officia et porro dolorem. Nesciunt illo et et sequi.','1991-04-06 12:15:22'),(73,31,44,'Deserunt sed nam reprehenderit placeat quidem. Ut quibusdam quasi quae sed laudantium qui. Molestias ipsa harum et dolores alias facilis illo. Est facilis facilis ab et possimus.','1977-01-03 03:00:47'),(74,58,39,'Itaque eos nihil aliquid temporibus. Est quo nostrum non labore. Beatae quos qui voluptas ipsa repellat excepturi. Expedita est tenetur eos atque est ratione et.','1972-02-27 08:44:08'),(75,36,54,'Dolorem voluptatum velit sed. Consectetur error mollitia aut qui. Quos dicta sequi hic culpa laudantium non.','1974-01-09 15:34:04'),(76,47,48,'Minima et consequatur sit voluptate et. Quisquam facere assumenda qui omnis aut nesciunt recusandae.','2002-06-07 18:38:33'),(77,53,48,'Aliquid reiciendis quasi quis nulla. Consequatur ea cumque et rerum reiciendis voluptate architecto rem. Possimus reiciendis voluptatem esse assumenda tempora aut libero. Molestias facere temporibus similique aspernatur quo.','2014-04-06 19:10:12'),(78,53,39,'Soluta excepturi velit et aliquid. Atque a voluptate aut ad id. Consequatur debitis voluptas omnis consequatur eos.','1977-10-27 16:27:31'),(79,37,44,'Quaerat dolores aut aut ut maiores ut. Aut et sit nihil fugiat quis. Officia sunt laborum voluptas nemo voluptatum vero quis minus. Perferendis velit odit corrupti aspernatur doloremque est voluptatem optio.','1988-06-17 15:29:54'),(81,31,45,'Sit at et est distinctio. Aliquam nemo voluptatem in. Autem molestiae qui nam eum facere. Eum in ut optio est amet aut omnis pariatur.','1992-10-04 14:38:22'),(82,46,45,'Ea harum dolores doloribus. Placeat ducimus earum et quos. Omnis est cupiditate quia cupiditate ullam. Quo ducimus rerum amet accusantium in voluptates et optio.','2007-04-28 03:24:03'),(83,50,45,'Tempore temporibus accusantium et. Nulla et est ut necessitatibus cum velit eos corrupti.','1979-04-23 09:50:00'),(84,37,60,'Quibusdam eum velit sed distinctio ipsa. Cumque nostrum quia beatae vitae omnis.','2004-01-25 10:49:47'),(85,31,36,'Corporis sint illo id ullam optio. At eius aut tenetur.','1973-08-04 09:29:02'),(86,51,39,'Dicta aut aliquid velit veritatis. Qui temporibus nulla voluptatum necessitatibus eum enim ipsa.','1975-12-19 06:29:48'),(87,54,54,'Sit quo a omnis beatae similique placeat maiores. Illum et et labore saepe et occaecati corrupti ad. Ut officia commodi dicta aperiam. Libero quibusdam sequi exercitationem veritatis.','1982-01-11 06:08:42'),(88,51,50,'Ut perspiciatis ut itaque aliquid. Ea eligendi autem consequatur et voluptatem voluptatem soluta. Et culpa neque et modi quae. Aliquid at et tenetur illo. Labore quisquam nesciunt vitae aut earum dicta consequuntur.','2019-06-09 20:44:18'),(90,37,32,'Sint incidunt inventore sit blanditiis voluptas. Recusandae quod sunt nostrum ipsa quia modi ipsa. Eveniet harum eum dolor qui perferendis.','2005-04-22 10:47:31'),(91,53,31,'Beatae nihil omnis voluptatem vel nam. Aut accusantium ad molestias est consequuntur. Aut tempora cupiditate quasi velit eius laudantium. Facere perspiciatis et repellat et explicabo rerum iusto.','2006-06-03 00:46:56'),(92,43,31,'Et sed quia exercitationem iure recusandae dolorum adipisci. Id blanditiis assumenda aut ducimus at. Magnam numquam illo totam hic voluptatem. Iste aut velit expedita aut.','2005-11-13 07:12:27'),(93,37,60,'Blanditiis ut quam animi dolorem. Quisquam assumenda voluptatem dicta nemo nihil.','2014-02-12 18:39:33'),(94,44,32,'Aut voluptatem quia omnis ut quia soluta repellendus. Vitae est consequatur doloribus. Modi odio distinctio occaecati et.','1986-10-05 06:25:31'),(95,60,53,'Voluptatibus alias cumque qui. Ratione quia ad voluptatem animi. Fugit enim nostrum dolor placeat sunt et excepturi. Impedit sed amet non iure molestiae et. Nam ut sit aperiam quis.','1971-09-03 22:26:53'),(96,56,46,'Et iure repudiandae voluptas accusamus. Neque consequatur quisquam qui totam. Earum eum a suscipit molestias dolorem.','1978-09-05 17:25:20'),(97,44,48,'Iusto hic impedit est. Rerum asperiores consequatur consequuntur quia. Iste reprehenderit qui consequuntur animi a corporis.','2009-11-18 17:28:37'),(98,53,43,'Est sed eligendi doloremque consequuntur molestiae ea blanditiis. Vel adipisci facere esse tenetur vitae porro. Sequi alias ut et commodi.','2006-02-04 02:13:37'),(99,32,47,'Animi cumque reprehenderit aut placeat quam. Neque totam hic ex labore non. Sunt rem atque sed quae doloremque sed similique.','2015-06-02 17:37:29'),(100,54,43,'Provident nesciunt assumenda tempora illo. Placeat dignissimos consequatur sed est quia.','1991-09-14 14:45:09');
/*!40000 ALTER TABLE `messages` ENABLE KEYS */;
UNLOCK TABLES;

--
-- Table structure for table `photo_albums`
--

DROP TABLE IF EXISTS `photo_albums`;
/*!40101 SET @saved_cs_client     = @@character_set_client */;
/*!50503 SET character_set_client = utf8mb4 */;
CREATE TABLE `photo_albums` (
  `id` bigint unsigned NOT NULL AUTO_INCREMENT,
  `name` varchar(255) CHARACTER SET utf8mb4 COLLATE utf8mb4_unicode_ci DEFAULT NULL,
  `user_id` bigint unsigned DEFAULT NULL,
  PRIMARY KEY (`id`),
  UNIQUE KEY `id` (`id`),
  KEY `user_id` (`user_id`),
  CONSTRAINT `photo_albums_ibfk_1` FOREIGN KEY (`user_id`) REFERENCES `users` (`id`)
) ENGINE=InnoDB AUTO_INCREMENT=101 DEFAULT CHARSET=utf8mb4 COLLATE=utf8mb4_unicode_ci;
/*!40101 SET character_set_client = @saved_cs_client */;

--
-- Dumping data for table `photo_albums`
--

LOCK TABLES `photo_albums` WRITE;
/*!40000 ALTER TABLE `photo_albums` DISABLE KEYS */;
INSERT INTO `photo_albums` VALUES (1,'explicabo',31),(2,'et',32),(3,'eos',36),(4,'omnis',37),(5,'voluptatem',39),(6,'ea',40),(7,'et',43),(8,'architecto',44),(9,'ea',45),(10,'non',46),(11,'corrupti',47),(12,'consequatur',48),(13,'laborum',50),(14,'vel',51),(15,'at',53),(16,'vero',54),(17,'dolor',56),(18,'atque',58),(19,'sit',60),(20,'temporibus',31),(21,'eos',32),(22,'corporis',36),(23,'soluta',37),(24,'maxime',39),(25,'necessitatibus',40),(26,'soluta',43),(27,'reiciendis',44),(28,'iusto',45),(29,'id',46),(30,'omnis',47),(31,'consequatur',48),(32,'sunt',50),(33,'voluptatibus',51),(34,'incidunt',53),(35,'voluptas',54),(36,'id',56),(37,'qui',58),(38,'at',60),(39,'atque',31),(40,'ipsam',32),(41,'incidunt',36),(42,'illo',37),(43,'rerum',39),(44,'qui',40),(45,'cumque',43),(46,'cupiditate',44),(47,'ea',45),(48,'rerum',46),(49,'expedita',47),(50,'unde',48),(51,'vero',50),(52,'ab',51),(53,'qui',53),(54,'eius',54),(55,'quia',56),(56,'odio',58),(57,'odit',60),(58,'fugiat',31),(59,'sequi',32),(60,'ut',36),(61,'velit',37),(62,'non',39),(63,'laudantium',40),(64,'adipisci',43),(65,'iure',44),(66,'odio',45),(67,'sunt',46),(68,'nesciunt',47),(69,'tempora',48),(70,'quam',50),(71,'soluta',51),(72,'id',53),(73,'excepturi',54),(74,'eos',56),(75,'natus',58),(76,'repudiandae',60),(77,'deleniti',31),(78,'doloremque',32),(79,'quo',36),(80,'tempore',37),(81,'sint',39),(82,'exercitationem',40),(83,'facilis',43),(84,'et',44),(85,'sit',45),(86,'exercitationem',46),(87,'reprehenderit',47),(88,'voluptatum',48),(89,'dolorum',50),(90,'est',51),(91,'recusandae',53),(92,'dicta',54),(93,'ducimus',56),(94,'quibusdam',58),(95,'dolor',60),(96,'eaque',31),(97,'aut',32),(98,'repudiandae',36),(99,'hic',37),(100,'animi',39);
/*!40000 ALTER TABLE `photo_albums` ENABLE KEYS */;
UNLOCK TABLES;

--
-- Table structure for table `photos`
--

DROP TABLE IF EXISTS `photos`;
/*!40101 SET @saved_cs_client     = @@character_set_client */;
/*!50503 SET character_set_client = utf8mb4 */;
CREATE TABLE `photos` (
  `id` bigint unsigned NOT NULL AUTO_INCREMENT,
  `album_id` bigint unsigned DEFAULT NULL,
  `media_id` bigint unsigned NOT NULL,
  UNIQUE KEY `id` (`id`),
  KEY `album_id` (`album_id`),
  KEY `media_id` (`media_id`),
  CONSTRAINT `photos_ibfk_1` FOREIGN KEY (`album_id`) REFERENCES `photo_albums` (`id`),
  CONSTRAINT `photos_ibfk_2` FOREIGN KEY (`media_id`) REFERENCES `media` (`id`)
) ENGINE=InnoDB AUTO_INCREMENT=101 DEFAULT CHARSET=utf8mb4 COLLATE=utf8mb4_unicode_ci;
/*!40101 SET character_set_client = @saved_cs_client */;

--
-- Dumping data for table `photos`
--

LOCK TABLES `photos` WRITE;
/*!40000 ALTER TABLE `photos` DISABLE KEYS */;
INSERT INTO `photos` VALUES (1,1,1),(2,2,2),(3,3,3),(4,4,4),(5,5,5),(6,6,6),(7,7,7),(8,8,8),(9,9,9),(10,10,10),(11,11,11),(12,12,12),(13,13,13),(14,14,14),(15,15,15),(16,16,16),(17,17,17),(18,18,18),(19,19,19),(20,20,20),(21,21,21),(22,22,22),(23,23,23),(24,24,24),(25,25,25),(26,26,26),(27,27,27),(28,28,28),(29,29,29),(30,30,30),(31,31,31),(32,32,32),(33,33,33),(34,34,34),(35,35,35),(36,36,36),(37,37,37),(38,38,38),(39,39,39),(40,40,40),(41,41,41),(42,42,42),(43,43,43),(44,44,44),(45,45,45),(46,46,46),(47,47,47),(48,48,48),(49,49,49),(50,50,50),(51,51,51),(52,52,52),(53,53,53),(54,54,54),(55,55,55),(56,56,56),(57,57,57),(58,58,58),(59,59,59),(60,60,60),(61,61,61),(62,62,62),(63,63,63),(64,64,64),(65,65,65),(66,66,66),(67,67,67),(68,68,68),(69,69,69),(70,70,70),(71,71,71),(72,72,72),(73,73,73),(74,74,74),(75,75,75),(76,76,76),(77,77,77),(78,78,78),(79,79,79),(80,80,80),(81,81,81),(82,82,82),(83,83,83),(84,84,84),(85,85,85),(86,86,86),(87,87,87),(88,88,88),(89,89,89),(90,90,90),(91,91,91),(92,92,92),(93,93,93),(94,94,94),(95,95,95),(96,96,96),(97,97,97),(98,98,98),(99,99,99),(100,100,100);
/*!40000 ALTER TABLE `photos` ENABLE KEYS */;
UNLOCK TABLES;

--
-- Table structure for table `profiles`
--

DROP TABLE IF EXISTS `profiles`;
/*!40101 SET @saved_cs_client     = @@character_set_client */;
/*!50503 SET character_set_client = utf8mb4 */;
CREATE TABLE `profiles` (
  `user_id` bigint unsigned NOT NULL,
  `gender` char(1) CHARACTER SET utf8mb4 COLLATE utf8mb4_unicode_ci DEFAULT NULL,
  `birthday` date DEFAULT NULL,
  `photo_id` bigint unsigned NOT NULL,
  `created_at` datetime DEFAULT CURRENT_TIMESTAMP,
  `hometown` varchar(100) CHARACTER SET utf8mb4 COLLATE utf8mb4_unicode_ci DEFAULT NULL,
  `is_active` enum('true','false') CHARACTER SET utf8mb4 COLLATE utf8mb4_unicode_ci DEFAULT 'true',
  UNIQUE KEY `user_id` (`user_id`),
  KEY `profiles_fk_1` (`photo_id`),
  CONSTRAINT `fk_user_id` FOREIGN KEY (`user_id`) REFERENCES `users` (`id`) ON UPDATE CASCADE,
  CONSTRAINT `profiles_fk_1` FOREIGN KEY (`photo_id`) REFERENCES `media` (`id`)
) ENGINE=InnoDB DEFAULT CHARSET=utf8mb4 COLLATE=utf8mb4_unicode_ci;
/*!40101 SET character_set_client = @saved_cs_client */;

--
-- Dumping data for table `profiles`
--

LOCK TABLES `profiles` WRITE;
/*!40000 ALTER TABLE `profiles` DISABLE KEYS */;
INSERT INTO `profiles` VALUES (31,'F','1995-12-06',1,'1997-12-24 16:11:45','Legrosberg','true'),(32,'F','2009-08-31',2,'1990-07-07 19:05:43','Port Kristyhaven','false'),(36,'F','1974-12-01',3,'1981-12-29 09:33:21','South Jeffry','true'),(37,'M','1997-02-16',4,'1981-04-21 19:02:09','Lake Elinorebury','true'),(39,'F','1992-07-11',5,'2013-03-02 20:27:54','Harberchester','true'),(40,'M','2010-01-17',6,'1979-12-26 19:30:38','Mafaldatown','false'),(43,'M','2016-11-07',7,'1999-07-04 13:30:10','Muellerton','false'),(44,'M','2017-01-09',8,'2008-09-27 07:23:54','Stromanborough','false'),(45,'F','1980-06-10',9,'1984-06-07 18:32:16','Port Yasmeenstad','true'),(46,'F','2018-06-11',10,'2004-04-30 21:57:06','Lake Meredithfurt','false'),(47,'F','1979-08-28',11,'1976-03-22 21:14:21','Dulceville','true'),(48,'F','2007-11-11',12,'1997-06-23 12:28:31','West Magdalena','false'),(50,'M','2016-08-22',13,'1972-01-08 17:13:39','Port Westleyton','false'),(51,'M','1970-07-05',14,'1978-05-16 18:18:26','Douglasberg','true'),(53,'F','2021-06-08',15,'1971-08-11 20:08:31','South Chelsey','false'),(54,'M','2009-04-17',16,'2015-08-07 00:02:39','Port Alison','false'),(56,'M','2008-12-12',17,'1988-12-15 10:55:12','Schinnerton','false'),(58,'M','2017-04-17',18,'2014-02-23 12:08:14','North Earlinefort','false'),(60,'M','1989-03-31',19,'2006-04-13 23:06:33','Lake Sarahburgh','true');
/*!40000 ALTER TABLE `profiles` ENABLE KEYS */;
UNLOCK TABLES;

--
-- Table structure for table `school`
--

DROP TABLE IF EXISTS `school`;
/*!40101 SET @saved_cs_client     = @@character_set_client */;
/*!50503 SET character_set_client = utf8mb4 */;
CREATE TABLE `school` (
  `id` bigint unsigned NOT NULL AUTO_INCREMENT,
  `school_number` int DEFAULT NULL,
  `school_city` varchar(120) CHARACTER SET utf8mb4 COLLATE utf8mb4_unicode_ci DEFAULT NULL,
  UNIQUE KEY `id` (`id`),
  UNIQUE KEY `school_number` (`school_number`)
) ENGINE=InnoDB AUTO_INCREMENT=101 DEFAULT CHARSET=utf8mb4 COLLATE=utf8mb4_unicode_ci;
/*!40101 SET character_set_client = @saved_cs_client */;

--
-- Dumping data for table `school`
--

LOCK TABLES `school` WRITE;
/*!40000 ALTER TABLE `school` DISABLE KEYS */;
INSERT INTO `school` VALUES (1,75995360,'Port Tarynmouth'),(2,9267,'East Maxie'),(3,4104,'West Heath'),(4,330382,'West Inesmouth'),(5,62173844,'Lake Conorville'),(6,564803844,'West Gertrudebury'),(7,0,'Lake Golda'),(8,15,'Martastad'),(9,5692,'Boydport'),(10,1,'New Terence'),(11,42191,'Doyleton'),(12,7862,'Port Arnulfo'),(13,374,'Britneyview'),(14,69959,'New Lauryn'),(15,3771428,'North Demarcus'),(16,4189,'South Selmermouth'),(17,41063,'New Nellebury'),(18,54818,'West Jakayla'),(19,4262305,'Crooksburgh'),(20,551770,'Port Remingtontown'),(21,75147,'South Zoilashire'),(22,67154,'North Kennethmouth'),(23,95552331,'Kiaraville'),(24,35862,'South Karliview'),(25,9694,'Lake Vernastad'),(26,6460075,'Hamillberg'),(27,27609,'Stephaniaberg'),(28,440,'East Vitohaven'),(29,73477791,'Vidalborough'),(30,89124,'New Vivianeshire'),(31,998434336,'Hirtheshire'),(32,185902663,'Port Stephanyfort'),(33,549415864,'Beattymouth'),(34,84,'Bobbyburgh'),(35,553358978,'Port Natalie'),(36,488,'Kevenland'),(37,79737,'Pfannerstillborough'),(38,990330,'East Simton'),(39,20,'Blandaton'),(40,41263970,'Misaelport'),(41,481410,'Port Cielo'),(42,8660659,'Cassinfort'),(43,853,'Balistreriville'),(44,89,'North Kyla'),(45,315630425,'Skilesmouth'),(46,132734318,'Marisolland'),(47,4,'Adellmouth'),(48,3077,'Tysonhaven'),(49,5256620,'Port Anyaberg'),(50,29637,'Gutmannburgh'),(51,94998594,'Vincenzafurt'),(52,3363048,'Lake Hettie'),(53,578138,'Mooretown'),(54,4035716,'East Hoytport'),(55,95258,'East Orrin'),(56,83639042,'South Estelle'),(57,860838,'East Leonoramouth'),(58,1683,'Lake Revatown'),(59,95261,'Lianafurt'),(60,5055725,'South Dustin'),(61,136109450,'Mackmouth'),(62,18,'Asaburgh'),(63,49815751,'North Glenda'),(64,73151447,'Ricemouth'),(65,240140,'Rodrickview'),(66,880,'Dibbertland'),(67,274876736,'Heberfort'),(68,6876618,'Rohanmouth'),(69,5903612,'New Amaliabury'),(70,88519,'West Jimmyshire'),(71,93029,'East Evalyn'),(72,3,'Framimouth'),(73,97649,'East Shakirafort'),(74,935,'Darylfurt'),(75,100005709,'Mullerchester'),(76,510421474,'Moniquechester'),(77,7741588,'Jacintoborough'),(78,370,'East Will'),(79,829,'Lake Virgilside'),(80,4549,'Aileenchester'),(81,9389,'Kobychester'),(82,7604,'Lake Kaitlintown'),(83,9,'Susanafurt'),(84,860125,'Lake Coltonhaven'),(85,67,'Lake Sam'),(86,23869,'Flavioton'),(87,26779326,'Port Danialtown'),(88,1892393,'Rolandoside'),(89,710244025,'South Ariel'),(90,9823,'New Beverlyborough'),(91,86,'Bartonberg'),(92,90780710,'Wilberchester'),(93,4164426,'South Gertrudemouth'),(94,56,'Lake Owenview'),(95,27,'East Hallie'),(96,154,'South Johnathon'),(97,4777,'South Shakirashire'),(98,5531,'North Jerrodchester'),(99,6939287,'North Danefort'),(100,365,'Marksmouth');
/*!40000 ALTER TABLE `school` ENABLE KEYS */;
UNLOCK TABLES;

--
-- Table structure for table `university`
--

DROP TABLE IF EXISTS `university`;
/*!40101 SET @saved_cs_client     = @@character_set_client */;
/*!50503 SET character_set_client = utf8mb4 */;
CREATE TABLE `university` (
  `id` bigint unsigned NOT NULL AUTO_INCREMENT,
  `university_name` varchar(255) CHARACTER SET utf8mb4 COLLATE utf8mb4_unicode_ci DEFAULT NULL,
  `university_city` varchar(120) CHARACTER SET utf8mb4 COLLATE utf8mb4_unicode_ci DEFAULT NULL,
  UNIQUE KEY `id` (`id`),
  UNIQUE KEY `university_name` (`university_name`)
) ENGINE=InnoDB AUTO_INCREMENT=101 DEFAULT CHARSET=utf8mb4 COLLATE=utf8mb4_unicode_ci;
/*!40101 SET character_set_client = @saved_cs_client */;

--
-- Dumping data for table `university`
--

LOCK TABLES `university` WRITE;
/*!40000 ALTER TABLE `university` DISABLE KEYS */;
INSERT INTO `university` VALUES (1,'ullam','Chadrickhaven'),(2,'corporis','East Gageview'),(3,'aut','Port Annafurt'),(4,'voluptatum','New Griffin'),(5,'quibusdam','Lake Kennahaven'),(6,'placeat','East Jerryfort'),(7,'aspernatur','Montanachester'),(8,'eos','Edashire'),(9,'quia','Port Cleveberg'),(10,'cupiditate','Port Violette'),(11,'maiores','Janetchester'),(12,'autem','East Napoleonfort'),(13,'ex','Fadeltown'),(14,'et','Port Franco'),(15,'velit','East Easter'),(16,'illum','Elouiseton'),(17,'consequatur','New Oral'),(18,'vel','Lake Martine'),(19,'aliquam','Port Maribelmouth'),(20,'voluptas','Berneiceburgh'),(21,'hic','Kiehnstad'),(22,'repudiandae','West Kelsi'),(23,'odit','Bonitashire'),(24,'sequi','Marksland'),(25,'tempora','East Filomenaborough'),(26,'a','New Darienchester'),(27,'consectetur','East Nikolaston'),(28,'qui','Trantowview'),(29,'laudantium','Marcelfort'),(30,'sunt','Gutkowskiberg'),(31,'ipsum','Roobshire'),(32,'repellat','South Shaynafort'),(33,'sapiente','East Darbyfurt'),(34,'fuga','Lockmanfurt'),(35,'non','Kaliburgh'),(36,'dicta','New Camyllestad'),(37,'molestias','New Alexandrea'),(38,'debitis','Kaileebury'),(39,'ab','Lilyanchester'),(40,'quisquam','Roxanneland'),(41,'amet','Gracielamouth'),(42,'est','Bettyville'),(43,'quis','North Lazaroton'),(44,'molestiae','Betsyville'),(45,'commodi','Maybelleton'),(46,'odio','North Vivienne'),(47,'voluptate','Marquardtchester'),(48,'in','East Kiarramouth'),(49,'aliquid','North Theodore'),(50,'officia','Hoegerberg'),(51,'neque','Port Zackeryland'),(52,'vitae','West Fletatown'),(53,'adipisci','Lake Oswaldmouth'),(54,'eligendi','Jewelside'),(55,'quod','Pfannerstillview'),(56,'ipsa','Adriannaside'),(57,'deserunt','Lake Darion'),(58,'facere','Port Eileenland'),(59,'perspiciatis','Miraclestad'),(60,'atque','Heaneybury'),(61,'facilis','East Judah'),(62,'dolores','South Alyssonland'),(63,'excepturi','North Cathrinestad'),(64,'harum','North Narcisoburgh'),(65,'culpa','Lehnerberg'),(66,'sit','Jerryborough'),(67,'occaecati','Skylaside'),(68,'id','Port Sammie'),(69,'modi','Gissellefurt'),(70,'veniam','Kassulkeview'),(71,'quae','New Viviane'),(72,'natus','South Paul'),(73,'eius','New Simonemouth'),(74,'inventore','Derekview'),(75,'blanditiis','Port Darylfort'),(76,'dignissimos','Lake Dave'),(77,'saepe','Bodemouth'),(78,'ea','North Marianemouth'),(79,'rerum','Port Leilaniton'),(80,'magnam','South Margaretside'),(81,'nisi','East Ashlynn'),(82,'corrupti','Krystinashire'),(83,'explicabo','West Nedra'),(84,'voluptatibus','Lake Emelieshire'),(85,'quos','Hermannshire'),(86,'laboriosam','Conroyfurt'),(87,'aperiam','Roweborough'),(88,'praesentium','Port Vicente'),(89,'pariatur','Jaysonhaven'),(90,'dolor','East Baileeshire'),(91,'at','Windlerfort'),(92,'incidunt','East Micaela'),(93,'suscipit','New Jaquelineshire'),(94,'quaerat','Wilfordland'),(95,'nihil','Lake Willis'),(96,'quas','New Rachelside'),(97,'necessitatibus','North Fritztown'),(98,'sint','South Savanna'),(99,'iste','North Domenick'),(100,'iusto','Hellerbury');
/*!40000 ALTER TABLE `university` ENABLE KEYS */;
UNLOCK TABLES;

--
-- Table structure for table `user_education`
--

DROP TABLE IF EXISTS `user_education`;
/*!40101 SET @saved_cs_client     = @@character_set_client */;
/*!50503 SET character_set_client = utf8mb4 */;
CREATE TABLE `user_education` (
  `user_id` bigint unsigned NOT NULL,
  `school_id` bigint unsigned DEFAULT NULL,
  `school_end_year` year DEFAULT NULL,
  `university_id` bigint unsigned DEFAULT NULL,
  `university_end_year` year DEFAULT NULL,
  `faculty` varchar(255) CHARACTER SET utf8mb4 COLLATE utf8mb4_unicode_ci DEFAULT NULL,
  `Speciality` varchar(255) CHARACTER SET utf8mb4 COLLATE utf8mb4_unicode_ci DEFAULT NULL,
  KEY `user_id` (`user_id`),
  KEY `school_id` (`school_id`),
  KEY `university_id` (`university_id`),
  CONSTRAINT `user_education_ibfk_1` FOREIGN KEY (`user_id`) REFERENCES `users` (`id`),
  CONSTRAINT `user_education_ibfk_2` FOREIGN KEY (`school_id`) REFERENCES `school` (`id`),
  CONSTRAINT `user_education_ibfk_3` FOREIGN KEY (`university_id`) REFERENCES `university` (`id`)
) ENGINE=InnoDB DEFAULT CHARSET=utf8mb4 COLLATE=utf8mb4_unicode_ci;
/*!40101 SET character_set_client = @saved_cs_client */;

--
-- Dumping data for table `user_education`
--

LOCK TABLES `user_education` WRITE;
/*!40000 ALTER TABLE `user_education` DISABLE KEYS */;
INSERT INTO `user_education` VALUES (31,1,1987,1,1986,'Willms, Koelpin and Kutch','extend bricks-and-clicks vortals'),(32,2,2013,2,1970,'Huels-Maggio','engage plug-and-play experiences'),(36,3,2016,3,1981,'Homenick-Gutkowski','unleash interactive supply-chains'),(37,4,2018,4,1993,'Tillman LLC','transform end-to-end webservices'),(39,5,2019,5,1982,'Bergnaum and Sons','generate viral metrics'),(40,6,2017,6,2005,'Schimmel, Hermiston and Predovic','visualize transparent infrastructures'),(43,7,2018,7,1980,'Kassulke, Russel and Koepp','recontextualize global partnerships'),(44,8,2005,8,1976,'Sporer, Bogan and Anderson','monetize extensible users'),(45,9,1984,9,1982,'Cruickshank Inc','grow synergistic communities'),(46,10,2018,10,1996,'Maggio, Denesik and Baumbach','unleash scalable interfaces'),(47,11,2006,11,2000,'Bednar Ltd','scale transparent e-tailers'),(48,12,2016,12,1972,'Rutherford PLC','redefine viral convergence'),(50,13,1978,13,1972,'Feest Inc','scale bricks-and-clicks partnerships'),(51,14,2000,14,2017,'Walter-Zboncak','transition one-to-one relationships'),(53,15,2003,15,1972,'Tromp, Maggio and Hane','redefine end-to-end models'),(54,16,2012,16,2018,'Bahringer LLC','recontextualize out-of-the-box action-items'),(56,17,2004,17,1970,'Doyle-Mueller','deliver holistic deliverables'),(58,18,2020,18,2009,'Emard, Langosh and Wilkinson','benchmark customized schemas'),(60,19,2000,19,1971,'Kshlerin, Jast and Champlin','incentivize integrated action-items'),(31,20,1981,20,2020,'Goodwin, DuBuque and Stokes','enhance next-generation e-services'),(32,21,1973,21,2010,'Braun, Yost and Mosciski','envisioneer B2C e-markets'),(36,22,1980,22,1999,'Schultz Inc','visualize 24/365 systems'),(37,23,2012,23,1982,'Glover Ltd','syndicate collaborative schemas'),(39,24,2017,24,1970,'Schmeler PLC','drive extensible solutions'),(40,25,1997,25,1989,'Haag, Barrows and Miller','deliver turn-key bandwidth'),(43,26,1978,26,1990,'Kautzer Ltd','matrix mission-critical markets'),(44,27,1971,27,2020,'Homenick, Toy and Weimann','engineer seamless infomediaries'),(45,28,2010,28,1977,'Macejkovic Inc','evolve robust systems'),(46,29,2021,29,1981,'Keebler-Nienow','reinvent dynamic channels'),(47,30,1998,30,2008,'D\'Amore Ltd','syndicate efficient interfaces'),(48,31,2005,31,1999,'Raynor, Rodriguez and Lesch','monetize distributed models'),(50,32,2006,32,2018,'Lesch-Mitchell','drive distributed communities'),(51,33,2006,33,1990,'Altenwerth-Bogisich','cultivate bleeding-edge architectures'),(53,34,2020,34,1997,'Ferry, Hirthe and Stanton','scale bricks-and-clicks models'),(54,35,2016,35,2015,'Kassulke, Collier and Hauck','optimize frictionless networks'),(56,36,1971,36,1986,'Legros-Langworth','harness interactive portals'),(58,37,1988,37,1984,'Strosin, Treutel and Lang','disintermediate vertical partnerships'),(60,38,2001,38,1974,'Hauck, Jerde and Kreiger','synthesize holistic e-business'),(31,39,1995,39,2010,'Durgan-Doyle','cultivate next-generation applications'),(32,40,1997,40,1995,'Kerluke PLC','optimize turn-key e-services'),(36,41,2007,41,1975,'Bogan Group','monetize mission-critical markets'),(37,42,1995,42,1993,'Effertz, Medhurst and Witting','exploit dot-com solutions'),(39,43,2009,43,2021,'Stanton Group','engineer integrated networks'),(40,44,1986,44,1988,'Stoltenberg, Harris and Ward','recontextualize seamless channels'),(43,45,1971,45,2000,'Goyette, Zemlak and Bartoletti','deliver magnetic methodologies'),(44,46,2008,46,2013,'Herman-Cassin','cultivate dot-com users'),(45,47,2004,47,1988,'Witting and Sons','orchestrate dynamic systems'),(46,48,1979,48,2006,'Fahey and Sons','iterate ubiquitous e-markets'),(47,49,2012,49,1987,'Littel, Ebert and Kris','grow sexy methodologies'),(48,50,1987,50,1978,'Beier-Streich','reinvent e-business functionalities'),(50,51,1985,51,1991,'Flatley PLC','grow enterprise systems'),(51,52,1973,52,2000,'Smith Inc','evolve cross-platform experiences'),(53,53,2010,53,2015,'Halvorson-Barrows','embrace impactful deliverables'),(54,54,2015,54,1973,'Sawayn Inc','visualize viral technologies'),(56,55,1993,55,1990,'Hammes Inc','facilitate distributed methodologies'),(58,56,1994,56,2003,'Willms Group','aggregate B2B infrastructures'),(60,57,1985,57,1996,'Stark Inc','engage 24/7 models'),(31,58,2002,58,1970,'Swaniawski LLC','scale frictionless paradigms'),(32,59,1981,59,1987,'Cummings-Fadel','e-enable interactive e-business'),(36,60,1980,60,1979,'Erdman LLC','expedite compelling content'),(37,61,2018,61,2003,'Torphy-Heidenreich','streamline holistic e-markets'),(39,62,2018,62,1974,'Corkery, Parker and Jacobson','disintermediate cross-platform partnerships'),(40,63,1970,63,1975,'Batz-Wolf','integrate bleeding-edge schemas'),(43,64,1980,64,1986,'Purdy-Crist','generate value-added synergies'),(44,65,2021,65,1976,'Jacobson Inc','synergize visionary metrics'),(45,66,1975,66,2014,'Stroman, Kuhn and Grady','revolutionize bleeding-edge systems'),(46,67,1993,67,1984,'Hickle PLC','scale impactful schemas'),(47,68,1997,68,2015,'Kozey Ltd','benchmark user-centric partnerships'),(48,69,1977,69,2008,'Dicki-Cummings','generate visionary solutions'),(50,70,2015,70,2016,'Schinner LLC','seize viral niches'),(51,71,1973,71,1990,'O\'Conner Ltd','visualize next-generation users'),(53,72,1991,72,1983,'Smitham Group','orchestrate bricks-and-clicks convergence'),(54,73,2011,73,2004,'Leffler Inc','engage cross-media vortals'),(56,74,1985,74,2020,'Reynolds, McLaughlin and Rutherford','evolve efficient e-commerce'),(58,75,1978,75,1972,'Botsford-Runte','cultivate robust paradigms'),(60,76,2013,76,1993,'Franecki Group','maximize strategic applications'),(31,77,1973,77,1979,'Goodwin, Conn and Johns','reintermediate end-to-end markets'),(32,78,2011,78,1981,'Monahan-Dietrich','maximize B2C content'),(36,79,1983,79,1975,'Koss Ltd','benchmark B2C paradigms'),(37,80,1999,80,2016,'Wisozk, Torp and Feeney','embrace cross-media methodologies'),(39,81,2007,81,1980,'Conn, Klein and Lowe','transition global systems'),(40,82,1980,82,1989,'Tremblay, Botsford and Donnelly','cultivate compelling infrastructures'),(43,83,1994,83,2008,'Kutch-Homenick','cultivate holistic e-business'),(44,84,1986,84,1987,'Lesch-Ortiz','deliver proactive technologies'),(45,85,2021,85,1973,'Kihn, Gerlach and Quigley','strategize impactful initiatives'),(46,86,1986,86,1983,'Blick-Jones','incubate cutting-edge metrics'),(47,87,2009,87,2006,'Smith-Kessler','iterate next-generation e-tailers'),(48,88,2021,88,2012,'Lebsack-Price','brand sticky schemas'),(50,89,1974,89,1971,'Halvorson-Hamill','transition interactive deliverables'),(51,90,2000,90,2005,'Effertz, Hoppe and Price','monetize bricks-and-clicks networks'),(53,91,1975,91,2019,'Haley LLC','brand killer webservices'),(54,92,2015,92,1993,'Bartoletti PLC','orchestrate best-of-breed e-business'),(56,93,1981,93,1992,'Dooley, Quigley and Wehner','strategize synergistic applications'),(58,94,2002,94,2011,'Schimmel-Wolf','synthesize transparent relationships'),(60,95,2011,95,2017,'Toy, Effertz and Bradtke','leverage cross-media e-commerce'),(31,96,1995,96,2011,'Durgan, Marvin and Lockman','reintermediate cutting-edge metrics'),(32,97,2017,97,1976,'Paucek-Cartwright','matrix value-added e-markets'),(36,98,1971,98,1970,'Keebler-Hirthe','synthesize web-enabled technologies'),(37,99,1973,99,1972,'Hegmann, Schumm and Jacobs','facilitate plug-and-play deliverables'),(39,100,2005,100,2007,'Gutkowski-Auer','exploit clicks-and-mortar infrastructures');
/*!40000 ALTER TABLE `user_education` ENABLE KEYS */;
UNLOCK TABLES;

--
-- Table structure for table `users`
--

DROP TABLE IF EXISTS `users`;
/*!40101 SET @saved_cs_client     = @@character_set_client */;
/*!50503 SET character_set_client = utf8mb4 */;
CREATE TABLE `users` (
  `id` bigint unsigned NOT NULL AUTO_INCREMENT,
  `firstname` varchar(50) CHARACTER SET utf8mb4 COLLATE utf8mb4_unicode_ci DEFAULT NULL,
  `lastname` varchar(50) CHARACTER SET utf8mb4 COLLATE utf8mb4_unicode_ci DEFAULT NULL COMMENT '',
  `email` varchar(120) CHARACTER SET utf8mb4 COLLATE utf8mb4_unicode_ci DEFAULT NULL,
  `password_hash` varchar(100) CHARACTER SET utf8mb4 COLLATE utf8mb4_unicode_ci DEFAULT NULL,
  `phone` bigint unsigned DEFAULT NULL,
  PRIMARY KEY (`id`),
  UNIQUE KEY `email` (`email`),
  UNIQUE KEY `phone` (`phone`),
  KEY `users_firstname_lastname_idx` (`firstname`,`lastname`)
) ENGINE=InnoDB AUTO_INCREMENT=61 DEFAULT CHARSET=utf8mb4 COLLATE=utf8mb4_unicode_ci COMMENT='';
/*!40101 SET character_set_client = @saved_cs_client */;

--
-- Dumping data for table `users`
--

LOCK TABLES `users` WRITE;
/*!40000 ALTER TABLE `users` DISABLE KEYS */;
INSERT INTO `users` VALUES (31,'Clarabelle','Lubowitz','ncarter@example.org','437a8814e593deb0ade3789faffe92282d182221',1),(32,'Russel','Reynolds','lortiz@example.net','25b42a6838ad25e618f4339fa1983fa94251c9d6',0),(36,'Patsy','Johns','jacobi.dorothy@example.net','c783c7356258080b377399e760df7825515cda9a',982576),(37,'Gisselle','Paucek','bashirian.nikita@example.net','534b23538cc4e952da4e7a1003cdfaf8008e7e98',814947),(39,'Alberta','Schaden','milo.corwin@example.org','bb2a2d61fe76801328961b35e81b5e0c850508ac',4374578876),(40,'Clarabelle','Herzog','marian02@example.net','5fac20ca58445f4d0aeb9283fb1ca676960daabf',36656),(43,'Broderick','Hagenes','laney.mccullough@example.com','fbb589ae48ef1cc65395cde155e74d80aab75169',4785433630),(44,'Dock','Murazik','cbecker@example.net','7a99588dd3abdcc353f9e920a5a4745666bfb268',967),(45,'Domenico','Franecki','iprohaska@example.net','974c9f670073cb8c137e7ca9a0ec4e975d3b59be',8818463379),(46,'Annabel','McKenzie','pagac.evelyn@example.com','d2f7429266ee8872cd3ff0aa3dae7ccf03fd3992',771822),(47,'Zita','Kulas','swaniawski.mireya@example.org','fa412852e0e74ff9839354b42a61e471dc00f54d',327),(48,'Ethel','Bashirian','grady.alvina@example.net','d28949cff9c8adb6de57a73add0e33c2b63ec8db',991715),(50,'Clarabelle','Williamson','vern.kunze@example.org','5a259e1a41cbe63c93ebe7c2dfffd81b909b4289',67250),(51,'Andreanne','Nienow','victoria35@example.net','22ecfec8adb04219337e314c019e4173c3aab232',395),(53,'Maia','Gislason','fhalvorson@example.net','1ad08772dadc4d79179f42faf30d6bc88a953ba8',93),(54,'Piper','Quitzon','gardner.graham@example.net','0f2fd6f04ad195375ffb5548833f67c2e2be17b1',513),(56,'Marjory','Macejkovic','nbraun@example.net','f5a367b972c681f606599e198a004dca46f78394',609002),(58,'Clarabelle','Littel','imurphy@example.org','e1128219f880ab4f4c795c62480e87cdaa5081b8',652),(60,'Amya','Champlin','schamberger.bailee@example.com','4a2af112f9e616bf2c5698efb2e1837613a38308',629079);
/*!40000 ALTER TABLE `users` ENABLE KEYS */;
UNLOCK TABLES;

--
-- Table structure for table `users_communities`
--

DROP TABLE IF EXISTS `users_communities`;
/*!40101 SET @saved_cs_client     = @@character_set_client */;
/*!50503 SET character_set_client = utf8mb4 */;
CREATE TABLE `users_communities` (
  `user_id` bigint unsigned NOT NULL,
  `community_id` bigint unsigned NOT NULL,
  PRIMARY KEY (`user_id`,`community_id`),
  KEY `community_id` (`community_id`),
  CONSTRAINT `users_communities_ibfk_1` FOREIGN KEY (`user_id`) REFERENCES `users` (`id`),
  CONSTRAINT `users_communities_ibfk_2` FOREIGN KEY (`community_id`) REFERENCES `communities` (`id`)
) ENGINE=InnoDB DEFAULT CHARSET=utf8mb4 COLLATE=utf8mb4_unicode_ci;
/*!40101 SET character_set_client = @saved_cs_client */;

--
-- Dumping data for table `users_communities`
--

LOCK TABLES `users_communities` WRITE;
/*!40000 ALTER TABLE `users_communities` DISABLE KEYS */;
INSERT INTO `users_communities` VALUES (31,1),(32,2),(36,3),(37,4),(39,5),(40,6),(43,7),(44,8),(45,9),(46,10),(47,11),(48,12),(50,13),(51,14),(53,15),(54,16),(56,17),(58,18),(60,19),(31,20),(32,21),(36,22),(37,23),(39,24),(40,25),(43,26),(44,27),(45,28),(46,29),(47,30),(48,31),(50,32),(51,33),(53,34),(54,35),(56,36),(58,37),(60,38),(31,39),(32,40),(36,41),(37,42),(39,43),(40,44),(43,45),(44,46),(45,47),(46,48),(47,49),(48,50),(50,51),(51,52),(53,53),(54,54),(56,55),(58,56),(60,57),(31,58),(32,59),(36,60),(37,61),(39,62),(40,63),(43,64),(44,65),(45,66),(46,67),(47,68),(48,69),(50,70),(51,71),(53,72),(54,73),(56,74),(58,75),(60,76),(31,77),(32,78),(36,79),(37,80),(39,81),(40,82),(43,83),(44,84),(45,85),(46,86),(47,87),(48,88),(50,89),(51,90),(53,91),(54,92),(56,93),(58,94),(60,95),(31,96),(32,97),(36,98),(37,99),(39,100);
/*!40000 ALTER TABLE `users_communities` ENABLE KEYS */;
UNLOCK TABLES;
/*!40103 SET TIME_ZONE=@OLD_TIME_ZONE */;

/*!40101 SET SQL_MODE=@OLD_SQL_MODE */;
/*!40014 SET FOREIGN_KEY_CHECKS=@OLD_FOREIGN_KEY_CHECKS */;
/*!40014 SET UNIQUE_CHECKS=@OLD_UNIQUE_CHECKS */;
/*!40101 SET CHARACTER_SET_CLIENT=@OLD_CHARACTER_SET_CLIENT */;
/*!40101 SET CHARACTER_SET_RESULTS=@OLD_CHARACTER_SET_RESULTS */;
/*!40101 SET COLLATION_CONNECTION=@OLD_COLLATION_CONNECTION */;
/*!40111 SET SQL_NOTES=@OLD_SQL_NOTES */;

-- Dump completed on 2022-02-09  1:38:18
